city_id,city,country,date,latitude,longitude,max_temp,humidity,cloudiness,wind_speed,weather_description
0,Vaini,TO,2020-10-10 18:40:21,-21.2,-175.2,69.8,94,75,9.17,broken clouds
1,Lompoc,US,2020-10-10 18:37:11,34.64,-120.46,71.01,64,1,9.57,clear sky
2,Cidreira,BR,2020-10-10 18:39:05,-30.18,-50.21,62.53,58,0,11.63,clear sky
3,Arcelia,MX,2020-10-10 18:40:22,18.28,-100.27,85.98,64,98,2.75,overcast clouds
4,Haapiti,PF,2020-10-10 18:40:22,-17.57,-149.87,82.4,69,40,9.17,scattered clouds
5,Isangel,VU,2020-10-10 18:40:22,-19.55,169.27,76.3,83,24,13.11,few clouds
6,Jiuquan,CN,2020-10-10 18:40:23,39.74,98.52,38.79,63,0,2.68,clear sky
7,Marsh Harbour,BS,2020-10-10 18:40:23,26.54,-77.06,83.25,74,51,14.0,broken clouds
8,Valparaíso,CL,2020-10-10 18:40:23,-33.04,-71.63,75.2,43,0,20.8,clear sky
9,Quatre Cocos,MU,2020-10-10 18:40:23,-20.21,57.76,75.99,94,75,4.79,broken clouds
10,Caohe,CN,2020-10-10 18:40:24,30.23,115.43,62.96,83,0,1.12,light rain
11,Lakatoro,VU,2020-10-10 18:40:24,-16.1,167.42,78.8,88,40,10.29,scattered clouds
12,Sampit,ID,2020-10-10 18:40:24,-2.53,112.95,74.28,95,99,2.1,overcast clouds
13,Bom Sucesso,BR,2020-10-10 18:40:24,-21.03,-44.76,88.52,32,98,11.79,overcast clouds
14,Laguna,BR,2020-10-10 18:39:56,-28.48,-48.78,63.99,59,2,12.91,clear sky
15,Terråk,NO,2020-10-10 18:40:25,65.09,12.37,50.0,93,88,1.12,overcast clouds
16,Caxito,AO,2020-10-10 18:40:25,-8.58,13.66,77.0,73,20,8.05,few clouds
17,Eureka,US,2020-10-10 18:37:53,40.8,-124.16,61.0,96,100,1.99,overcast clouds
18,Esim,GH,2020-10-10 18:40:26,4.87,-2.24,76.89,88,52,11.41,light rain
19,Giraldo,CO,2020-10-10 18:40:26,6.68,-75.99,68.83,64,13,2.95,few clouds
20,Bredasdorp,ZA,2020-10-10 18:40:26,-34.53,20.04,53.6,66,0,6.93,clear sky
21,Carutapera,BR,2020-10-10 18:38:16,-1.2,-46.02,84.69,63,0,8.57,clear sky
22,Ushuaia,AR,2020-10-10 18:39:36,-54.8,-68.3,55.4,37,40,21.92,scattered clouds
23,Anking,CN,2020-10-10 18:40:27,30.51,117.05,62.42,74,0,3.47,clear sky
24,Treinta y Tres,UY,2020-10-10 18:40:27,-33.23,-54.38,64.0,53,0,0.69,clear sky
25,Poum,NC,2020-10-10 18:40:28,-20.23,164.02,75.61,81,0,7.63,clear sky
26,Beloha,MG,2020-10-10 18:40:28,-25.17,45.05,67.77,81,0,3.98,clear sky
27,Colares,PT,2020-10-10 18:40:28,38.8,-9.45,68.0,72,0,19.46,clear sky
28,Shache,CN,2020-10-10 18:40:28,38.42,77.24,52.11,43,100,11.61,overcast clouds
29,Ayagoz,KZ,2020-10-10 18:40:29,47.97,80.44,35.11,71,90,7.85,overcast clouds
30,Moerai,PF,2020-10-10 18:40:29,-22.43,-151.33,75.36,83,67,9.95,broken clouds
31,San Ramón,BO,2020-10-10 18:40:29,-13.28,-64.72,102.76,23,33,7.85,scattered clouds
32,Viedma,AR,2020-10-10 18:40:30,-40.81,-63.0,64.47,45,77,22.12,broken clouds
33,Pandan,PH,2020-10-10 18:40:30,14.05,124.17,78.24,86,100,9.53,heavy intensity rain
34,Hoi An,VN,2020-10-10 18:40:30,15.88,108.33,78.8,88,90,16.11,heavy intensity rain
35,Stăneşti,RO,2020-10-10 18:40:30,43.92,25.83,63.0,88,67,2.24,broken clouds
36,Longonjo,AO,2020-10-10 18:40:31,-12.91,15.25,67.53,47,0,3.87,clear sky
37,La Sierra,CO,2020-10-10 18:40:31,2.18,-76.76,79.47,38,15,1.95,few clouds
38,Bowling Green,US,2020-10-10 18:36:21,36.99,-86.44,69.8,88,75,9.17,moderate rain
39,Belūsovka,KZ,2020-10-10 18:40:32,50.13,82.52,39.2,69,75,8.95,broken clouds
40,Kalevala,RU,2020-10-10 18:40:32,65.2,31.17,45.95,88,51,8.39,broken clouds
41,Dingle,IE,2020-10-10 18:40:32,52.14,-10.27,51.8,81,90,6.93,overcast clouds
42,Bengkulu,ID,2020-10-10 18:40:32,-3.8,102.27,75.74,93,100,8.84,overcast clouds
43,Imeni Poliny Osipenko,RU,2020-10-10 18:40:33,52.42,136.49,42.04,94,100,3.36,light rain
44,Cape Town,ZA,2020-10-10 18:36:01,-33.93,18.42,59.0,58,20,18.34,few clouds
45,Sibolga,ID,2020-10-10 18:40:33,1.74,98.78,74.25,89,100,2.84,moderate rain
46,Tromsø,NO,2020-10-10 18:40:33,69.65,18.96,46.4,93,90,3.36,overcast clouds
47,Yuzawa,JP,2020-10-10 18:40:34,39.17,140.5,59.94,93,99,2.68,overcast clouds
48,Sørland,NO,2020-10-10 18:40:34,67.67,12.69,49.87,89,95,7.9,overcast clouds
49,Riachão das Neves,BR,2020-10-10 18:40:34,-11.75,-44.91,93.78,32,47,10.09,heavy intensity rain
50,Pacific Grove,US,2020-10-10 18:40:34,36.62,-121.92,73.99,60,1,9.17,clear sky
51,Biak,ID,2020-10-10 18:40:35,-0.91,122.88,75.63,82,36,7.07,scattered clouds
52,Toora-Khem,RU,2020-10-10 18:40:35,52.47,96.11,23.14,85,100,2.35,overcast clouds
53,Brookhaven,US,2020-10-10 18:40:35,31.58,-90.44,75.2,73,90,13.87,overcast clouds
54,Krasnosel'kup,RU,2020-10-10 18:40:36,65.7,82.47,12.6,94,92,5.99,overcast clouds
55,Souillac,MU,2020-10-10 18:40:36,-20.52,57.52,73.4,94,75,5.86,broken clouds
56,Korla,CN,2020-10-10 18:40:36,41.76,86.15,49.78,44,100,6.04,overcast clouds
57,Samarai,PG,2020-10-10 18:40:36,-10.62,150.67,78.24,84,99,11.56,overcast clouds
58,Fortuna,US,2020-10-10 18:38:03,40.6,-124.16,61.0,100,90,12.75,overcast clouds
59,Novozaimka,RU,2020-10-10 18:40:37,56.49,66.92,46.09,78,99,10.71,overcast clouds
60,Carnduff,CA,2020-10-10 18:40:37,49.17,-101.8,57.99,51,0,21.0,clear sky
61,Santa Maria,CV,2020-10-10 18:37:23,16.6,-22.9,82.4,74,75,20.8,broken clouds
62,Makakilo City,US,2020-10-10 18:40:38,21.35,-158.09,80.6,61,1,3.36,clear sky
63,Östersund,SE,2020-10-10 18:40:38,63.18,14.64,44.6,93,43,2.28,scattered clouds
64,Bend,US,2020-10-10 18:36:10,44.06,-121.32,57.2,62,1,19.46,clear sky
65,São Filipe,CV,2020-10-10 18:40:39,14.9,-24.5,80.71,77,0,6.49,clear sky
66,Tire,TR,2020-10-10 18:40:39,38.09,27.74,68.0,60,0,13.87,clear sky
67,Mékhé,SN,2020-10-10 18:40:39,15.11,-16.62,84.2,79,20,9.17,few clouds
68,Miles City,US,2020-10-10 18:40:39,46.41,-105.84,71.6,21,1,12.75,clear sky
69,Ketchikan,US,2020-10-10 18:40:40,55.34,-131.65,46.4,100,90,5.17,light rain
70,Manzhouli,CN,2020-10-10 18:40:40,49.6,117.43,31.53,94,91,25.97,overcast clouds
71,Iranshahr,IR,2020-10-10 18:40:40,27.2,60.68,80.6,13,0,4.7,clear sky
72,Pangnirtung,CA,2020-10-10 18:40:40,66.15,-65.71,50.0,57,75,17.22,broken clouds
73,Salalah,OM,2020-10-10 18:40:41,17.02,54.09,80.6,61,0,4.7,clear sky
74,Saint Paul Harbor,US,2020-10-10 18:40:41,57.79,-152.41,46.4,75,90,4.7,overcast clouds
75,Mehamn,NO,2020-10-10 18:40:41,71.04,27.85,46.4,89,87,11.81,overcast clouds
76,Hermanus,ZA,2020-10-10 18:40:41,-34.42,19.23,52.0,81,0,1.99,clear sky
77,Puerto Ayora,EC,2020-10-10 18:40:42,-0.74,-90.35,75.2,69,75,17.22,broken clouds
78,Borisoglebskiy,RU,2020-10-10 18:40:42,57.26,39.15,48.2,100,90,2.24,overcast clouds
79,Sur,OM,2020-10-10 18:40:42,22.57,59.53,79.74,46,0,4.83,clear sky
80,Deputatsky,RU,2020-10-10 18:40:42,69.3,139.9,15.3,92,85,2.53,overcast clouds
81,Puerto Baquerizo Moreno,EC,2020-10-10 18:40:43,-0.9,-89.6,73.4,78,75,11.41,broken clouds
82,Te Anau,NZ,2020-10-10 18:40:43,-45.42,167.72,48.0,92,100,2.04,overcast clouds
83,Kindu,CD,2020-10-10 18:40:43,-2.95,25.95,73.04,88,100,2.1,overcast clouds
84,Palmer,US,2020-10-10 18:40:43,42.16,-72.33,75.2,50,20,10.29,few clouds
85,Chickasha,US,2020-10-10 18:40:44,35.05,-97.94,81.0,65,1,6.93,clear sky
86,Emerald,AU,2020-10-10 18:40:44,-23.53,148.17,69.8,73,5,11.41,clear sky
87,Butaritari,KI,2020-10-10 18:40:44,3.07,172.79,81.46,71,100,12.88,overcast clouds
88,Coos Bay,US,2020-10-10 18:40:39,43.37,-124.22,60.01,87,90,8.97,overcast clouds
89,Sitka,US,2020-10-10 18:40:45,57.05,-135.33,46.4,81,90,14.99,heavy intensity rain
90,Esperance,AU,2020-10-10 18:40:46,-33.87,121.9,57.2,93,90,12.75,overcast clouds
91,Ukiah,US,2020-10-10 18:40:13,39.15,-123.21,64.99,77,90,3.04,overcast clouds
92,Ballina,AU,2020-10-10 18:40:46,-28.87,153.57,55.0,100,0,6.17,clear sky
93,Dawei,MM,2020-10-10 18:40:46,14.08,98.2,74.3,90,100,2.62,light rain
94,Pevek,RU,2020-10-10 18:40:47,69.7,170.31,32.61,92,100,14.43,overcast clouds
95,Peniche,PT,2020-10-10 18:40:47,39.36,-9.38,64.0,82,0,15.99,clear sky
96,Moyo,UG,2020-10-10 18:40:47,3.66,31.72,64.0,99,91,2.06,overcast clouds
97,Ailigandí,PA,2020-10-10 18:40:47,9.23,-78.02,85.24,68,1,6.29,clear sky
98,Wankyi,GH,2020-10-10 18:40:48,7.74,-2.1,73.98,92,100,1.72,moderate rain
99,Channel-Port aux Basques,CA,2020-10-10 18:40:48,47.57,-59.14,50.5,81,100,15.1,light rain
100,Mosquera,CO,2020-10-10 18:40:48,4.71,-74.23,68.0,49,40,11.41,scattered clouds
101,Chapais,CA,2020-10-10 18:40:48,49.78,-74.85,41.0,93,90,10.29,light rain
102,Chokurdakh,RU,2020-10-10 18:40:49,70.63,147.92,23.58,95,100,6.69,overcast clouds
103,Komsomol'skiy,RU,2020-10-10 18:40:49,43.98,46.7,62.74,66,91,30.62,overcast clouds
104,Yellowknife,CA,2020-10-10 18:37:33,62.46,-114.35,39.2,93,90,10.29,light rain
105,Lüderitz,NA,2020-10-10 18:40:49,-26.65,15.16,62.02,45,0,26.26,clear sky
106,Havre-St-Pierre,CA,2020-10-10 18:40:50,50.23,-63.6,33.8,100,90,11.41,light rain
107,Upington,ZA,2020-10-10 18:40:50,-28.45,21.26,64.4,23,0,3.36,clear sky
108,Tevriz,RU,2020-10-10 18:40:50,57.51,72.4,42.33,98,100,3.6,overcast clouds
109,Magistral'nyy,RU,2020-10-10 18:40:51,56.17,107.45,28.31,90,98,5.84,overcast clouds
110,Mirny,RU,2020-10-10 18:40:51,62.54,113.96,24.8,73,20,4.47,few clouds
111,Linqing,CN,2020-10-10 18:40:51,36.85,115.71,57.92,74,100,6.38,overcast clouds
112,Sept-Îles,CA,2020-10-10 18:39:25,50.2,-66.38,35.01,100,90,9.17,moderate rain
113,Bījār,IR,2020-10-10 18:40:52,35.87,47.61,47.32,53,0,4.38,clear sky
114,Plettenberg Bay,ZA,2020-10-10 18:40:52,-34.05,23.37,54.57,70,99,6.93,overcast clouds
115,Rajapalaiyam,IN,2020-10-10 18:40:53,9.45,77.57,78.94,70,100,7.85,overcast clouds
116,Birjand,IR,2020-10-10 18:40:53,32.87,59.22,53.6,22,0,9.17,clear sky
117,Port Alfred,ZA,2020-10-10 18:40:53,-33.59,26.89,54.73,75,37,10.16,light rain
118,San Andrés,CO,2020-10-10 18:38:24,12.58,-81.7,87.8,74,20,10.29,few clouds
119,Anito,PH,2020-10-10 18:40:54,12.45,125.29,77.45,87,100,3.38,overcast clouds
120,Salinas,EC,2020-10-10 18:40:54,-2.22,-80.97,75.2,73,75,9.17,broken clouds
121,Tigil',RU,2020-10-10 18:40:54,57.8,158.67,32.5,90,94,6.4,overcast clouds
122,Port Elizabeth,ZA,2020-10-10 18:40:54,-33.92,25.57,55.4,71,40,5.82,scattered clouds
123,Swan Hill,AU,2020-10-10 18:38:51,-35.34,143.55,43.39,94,58,6.24,broken clouds
124,Pingyi,CN,2020-10-10 18:40:55,35.5,117.63,62.49,62,100,2.62,overcast clouds
125,Geraldton,AU,2020-10-10 18:40:56,-28.77,114.6,57.2,82,40,8.05,scattered clouds
126,Dikson,RU,2020-10-10 18:40:57,73.51,80.55,32.18,97,100,21.41,overcast clouds
127,Lavrentiya,RU,2020-10-10 18:40:57,65.58,-171.0,35.71,84,100,7.14,overcast clouds
128,Bowen,AU,2020-10-10 18:40:58,-20.02,148.23,64.4,93,40,5.82,scattered clouds
129,Ilulissat,GL,2020-10-10 18:40:58,69.22,-51.1,50.0,34,75,28.86,broken clouds
130,Belmonte,BR,2020-10-10 18:40:59,-15.86,-38.88,84.2,62,25,17.22,scattered clouds
131,Concepción,PY,2020-10-10 18:40:59,-23.41,-57.43,92.97,14,37,7.92,scattered clouds
132,Mogadouro,PT,2020-10-10 18:40:59,41.34,-6.71,63.0,57,1,3.0,clear sky
133,San Cristobal,EC,2020-10-10 18:40:59,-0.9,-89.62,73.4,78,75,11.41,broken clouds
134,Ures,MX,2020-10-10 18:41:00,29.43,-110.4,96.01,29,0,3.0,clear sky
135,Tuatapere,NZ,2020-10-10 18:41:00,-46.13,167.68,53.01,79,6,4.0,clear sky
136,San Ignacio,PE,2020-10-10 18:41:00,-5.15,-79.0,83.64,34,59,5.73,broken clouds
137,Alekseyevsk,RU,2020-10-10 18:41:00,57.84,108.35,28.04,96,100,7.07,overcast clouds
138,Saint-Félicien,CA,2020-10-10 18:41:01,48.65,-72.45,59.0,77,90,10.29,overcast clouds
139,Champerico,GT,2020-10-10 18:41:01,14.3,-91.92,86.0,70,40,9.17,scattered clouds
140,Gamba,GA,2020-10-10 18:41:01,-2.65,10.0,76.42,87,100,9.86,overcast clouds
141,Grand Gaube,MU,2020-10-10 18:41:02,-20.01,57.66,75.99,83,3,1.99,clear sky
142,Touros,BR,2020-10-10 18:39:23,-5.2,-35.46,84.2,66,40,16.11,scattered clouds
143,Rotterdam,US,2020-10-10 18:39:23,42.79,-73.97,75.0,53,75,9.17,broken clouds
144,Humaitá,BR,2020-10-10 18:41:02,-7.51,-63.02,96.01,37,94,0.65,overcast clouds
145,Ostrovnoy,RU,2020-10-10 18:41:03,68.05,39.51,45.97,84,9,16.69,clear sky
146,Mabama,TZ,2020-10-10 18:41:03,-5.13,32.53,79.12,37,48,4.94,scattered clouds
147,Mossamedes,AO,2020-10-10 18:41:03,-15.2,12.15,63.81,83,10,9.22,clear sky
148,Moose Factory,CA,2020-10-10 18:41:03,51.26,-80.61,37.4,78,90,12.75,overcast clouds
149,Coyhaique,CL,2020-10-10 18:41:04,-45.58,-72.07,60.8,38,40,6.93,scattered clouds
150,Naze,JP,2020-10-10 18:41:04,28.37,129.48,77.0,83,75,11.41,broken clouds
151,Punta Arenas,CL,2020-10-10 18:36:16,-53.15,-70.92,51.8,50,99,47.2,overcast clouds
152,Coihueco,CL,2020-10-10 18:41:05,-36.62,-71.83,64.4,39,20,14.99,few clouds
153,Berdigestyakh,RU,2020-10-10 18:41:05,62.1,126.7,25.97,88,100,8.23,overcast clouds
154,Camacha,PT,2020-10-10 18:41:06,33.08,-16.33,71.6,73,75,11.41,broken clouds
155,Kastoria,GR,2020-10-10 18:41:06,40.52,21.27,59.0,58,0,1.12,clear sky
156,Saint-François,GP,2020-10-10 18:41:06,16.25,-61.27,89.6,62,6,9.17,clear sky
157,São Joaquim,BR,2020-10-10 18:41:06,-28.29,-49.93,59.63,53,2,4.7,clear sky
158,Tezu,IN,2020-10-10 18:41:07,27.92,96.17,76.98,65,0,3.29,clear sky
159,Soyo,AO,2020-10-10 18:41:07,-6.13,12.37,76.57,80,12,10.51,few clouds
160,Hamamatsu,JP,2020-10-10 18:39:04,34.7,137.73,66.99,92,73,1.99,broken clouds
161,Longyearbyen,SJ,2020-10-10 18:41:07,78.22,15.64,28.4,58,20,11.41,few clouds
162,São José da Coroa Grande,BR,2020-10-10 18:41:08,-8.9,-35.15,80.11,76,84,15.32,broken clouds
163,Cockburn Town,TC,2020-10-10 18:40:31,21.46,-71.14,86.0,66,0,13.87,clear sky
164,Chui,UY,2020-10-10 18:41:08,-33.7,-53.46,59.34,63,0,7.27,clear sky
165,Brewster,US,2020-10-10 18:39:32,41.4,-73.62,73.0,60,1,12.75,clear sky
166,Kanigoro,ID,2020-10-10 18:41:09,-8.13,112.22,73.6,92,100,1.66,light rain
167,Makkah al Mukarramah,SA,2020-10-10 18:41:09,21.43,39.83,82.96,39,0,3.15,clear sky
168,Uíge,AO,2020-10-10 18:41:09,-7.61,15.06,72.55,70,39,3.94,scattered clouds
169,Makokou,GA,2020-10-10 18:41:09,0.57,12.86,72.63,90,51,2.48,broken clouds
170,Macamic,CA,2020-10-10 18:41:09,48.75,-79.0,42.8,87,90,11.41,mist
171,Galle,LK,2020-10-10 18:41:10,6.04,80.22,80.42,82,86,13.49,light rain
172,Najrān,SA,2020-10-10 18:40:46,17.49,44.13,77.0,29,68,4.7,broken clouds
173,Hithadhoo,MV,2020-10-10 18:41:10,-0.6,73.08,83.1,73,8,12.24,light rain
174,Coquimbo,CL,2020-10-10 18:41:10,-29.95,-71.34,60.8,67,20,12.75,few clouds
175,Kitimat,CA,2020-10-10 18:40:03,54.05,-128.65,46.0,95,87,1.32,light rain
176,Riyadh,SA,2020-10-10 18:37:40,24.69,46.72,77.0,16,0,6.93,clear sky
177,Seydi,TM,2020-10-10 18:41:11,39.48,62.91,47.98,50,0,11.16,clear sky
178,Mahébourg,MU,2020-10-10 18:41:12,-20.41,57.7,73.4,94,75,4.21,broken clouds
179,Kudahuvadhoo,MV,2020-10-10 18:41:12,2.67,72.89,83.14,77,99,15.75,overcast clouds
180,Banmankhi,IN,2020-10-10 18:41:12,25.88,87.18,77.86,69,0,3.71,clear sky
181,Saint-Philippe,RE,2020-10-10 18:41:12,-21.36,55.77,75.2,78,75,2.24,broken clouds
182,Olinda,BR,2020-10-10 18:38:42,-8.01,-34.86,84.2,66,20,10.29,few clouds
183,Soe,ID,2020-10-10 18:41:13,-9.86,124.28,66.56,83,84,4.14,broken clouds
184,Rey Bouba,CM,2020-10-10 18:41:13,8.67,14.18,77.34,85,100,3.96,moderate rain
185,Yantal',RU,2020-10-10 18:41:13,56.85,105.25,28.56,95,100,6.29,overcast clouds
186,Naviraí,BR,2020-10-10 18:41:13,-23.07,-54.19,84.69,22,11,5.39,few clouds
187,Sakakah,SA,2020-10-10 18:41:14,29.97,40.21,80.6,12,0,6.93,clear sky
188,Hasaki,JP,2020-10-10 18:41:14,35.73,140.83,66.2,100,75,14.99,broken clouds
189,Bambous Virieux,MU,2020-10-10 18:41:14,-20.34,57.76,75.99,94,75,4.0,broken clouds
190,Moanda,GA,2020-10-10 18:41:14,-1.56,13.22,75.2,94,40,1.12,scattered clouds
191,Igarka,RU,2020-10-10 18:41:15,67.47,86.58,13.21,96,100,0.81,overcast clouds
192,Vilyuysk,RU,2020-10-10 18:41:15,63.76,121.62,21.96,87,62,3.62,broken clouds
193,Cervo,ES,2020-10-10 18:41:15,43.67,-7.41,59.0,1,32,13.76,scattered clouds
194,Beihai,CN,2020-10-10 18:41:15,21.48,109.1,72.79,77,16,11.48,light rain
195,Severo-Kuril'sk,RU,2020-10-10 18:41:16,50.68,156.12,43.68,75,24,16.11,few clouds
196,Parrita,CR,2020-10-10 18:41:16,9.52,-84.32,78.8,65,75,5.82,broken clouds
197,Maniitsoq,GL,2020-10-10 18:41:17,65.42,-52.9,41.72,71,30,5.5,scattered clouds
198,Palmas,BR,2020-10-10 18:41:17,-10.21,-48.36,87.12,46,99,7.23,moderate rain
199,Beisfjord,NO,2020-10-10 18:41:17,68.38,17.6,46.4,93,75,9.17,broken clouds
200,Broken Hill,AU,2020-10-10 18:41:18,-31.95,141.43,57.2,62,0,1.12,clear sky
201,Hamilton,BM,2020-10-10 18:39:48,32.29,-64.78,78.8,50,75,12.75,broken clouds
202,Prainha,BR,2020-10-10 18:41:18,-1.8,-53.48,98.04,30,12,3.96,few clouds
203,Lake Shasta,US,2020-10-10 18:41:18,40.68,-122.37,66.0,61,100,2.95,overcast clouds
204,Ixtapa,MX,2020-10-10 18:41:19,20.7,-105.2,89.01,70,40,8.05,scattered clouds
205,Broome,AU,2020-10-10 18:41:19,-17.97,122.23,78.8,83,75,5.82,broken clouds
206,Mahon,ES,2020-10-10 18:41:19,39.89,4.27,64.4,77,40,13.87,shower rain
207,Narsaq,GL,2020-10-10 18:41:19,60.92,-46.05,50.0,84,20,9.17,few clouds
208,Saint George,BM,2020-10-10 18:39:06,32.38,-64.68,78.8,50,75,12.75,broken clouds
209,Bubaque,GW,2020-10-10 18:41:20,11.28,-15.83,82.09,77,0,11.1,clear sky
210,Labuhan,ID,2020-10-10 18:41:20,-6.88,112.21,78.76,82,100,7.63,overcast clouds
211,Dongsheng,CN,2020-10-10 18:41:21,39.82,109.98,42.64,65,0,19.98,clear sky
212,Guilin,CN,2020-10-10 18:41:21,25.28,110.29,62.6,93,40,4.47,light rain
213,Nabire,ID,2020-10-10 18:41:21,-3.37,135.48,75.81,89,96,3.29,overcast clouds
214,Piney Green,US,2020-10-10 18:41:21,34.72,-77.32,81.0,65,75,10.29,broken clouds
215,Brae,GB,2020-10-10 18:41:22,60.4,-1.35,48.2,87,25,6.93,light rain
216,Paamiut,GL,2020-10-10 18:41:22,61.99,-49.67,42.24,76,29,18.9,scattered clouds
217,Berlevåg,NO,2020-10-10 18:41:22,70.86,29.09,47.57,82,100,9.53,overcast clouds
218,Safi,MA,2020-10-10 18:41:22,32.3,-9.24,69.78,81,0,11.34,clear sky
219,Chumikan,RU,2020-10-10 18:41:23,54.72,135.31,42.87,87,100,5.03,light rain
220,Zhuhai,CN,2020-10-10 18:41:23,22.28,113.57,78.8,78,20,9.17,light rain
221,Keta,GH,2020-10-10 18:41:23,5.92,0.99,78.8,88,20,9.17,few clouds
222,Wakuya,JP,2020-10-10 18:41:23,38.53,141.13,62.2,96,100,5.48,light rain
223,Mali,GN,2020-10-10 18:41:23,12.08,-12.3,63.16,100,28,1.95,scattered clouds
224,Qaanaaq,GL,2020-10-10 18:41:24,77.48,-69.36,28.76,84,100,9.51,overcast clouds
225,Vanavara,RU,2020-10-10 18:41:24,60.34,102.28,26.22,98,100,2.53,light snow
226,Kruisfontein,ZA,2020-10-10 18:41:24,-34.0,24.73,50.0,93,5,5.32,clear sky
227,Burnie,AU,2020-10-10 18:41:25,-41.07,145.92,46.0,74,9,3.0,clear sky
228,Vila Velha,BR,2020-10-10 18:41:25,-20.33,-40.29,78.8,83,90,12.75,overcast clouds
229,Yozgat Province,TR,2020-10-10 18:41:25,39.58,35.33,60.57,41,0,0.85,clear sky
230,Nanchang,CN,2020-10-10 18:38:42,28.68,115.88,64.26,82,0,5.64,light rain
231,Aktash,RU,2020-10-10 18:41:26,50.3,87.73,15.76,90,57,3.2,broken clouds
232,Srednekolymsk,RU,2020-10-10 18:41:26,67.45,153.68,22.73,93,8,5.91,clear sky
233,Sakaiminato,JP,2020-10-10 18:41:26,35.55,133.23,68.0,82,75,4.7,broken clouds
234,Vrangel',RU,2020-10-10 18:41:26,42.73,133.08,51.46,75,0,4.5,clear sky
235,Arrondissement de Brive-la-Gaillarde,FR,2020-10-10 18:41:27,45.25,1.5,48.0,39,0,3.15,clear sky
236,Waipawa,NZ,2020-10-10 18:37:59,-41.41,175.52,55.4,66,100,21.92,light rain
237,Rawson,AR,2020-10-10 18:40:46,-43.3,-65.1,59.36,56,98,17.4,overcast clouds
238,Salisbury,US,2020-10-10 18:36:49,35.67,-80.47,68.0,93,90,4.7,mist
239,Busselton,AU,2020-10-10 18:41:27,-33.65,115.33,51.01,78,0,7.83,clear sky
240,Wattegama,LK,2020-10-10 18:41:28,6.8,81.48,78.8,88,40,5.82,scattered clouds
241,Sisimiut,GL,2020-10-10 18:41:28,66.94,-53.67,42.84,62,0,10.58,clear sky
242,Hendek,TR,2020-10-10 18:41:28,40.8,30.75,55.4,100,100,2.24,overcast clouds
243,Churapcha,RU,2020-10-10 18:41:28,62.0,132.43,30.78,95,100,5.91,overcast clouds
244,Denizli Province,TR,2020-10-10 18:41:29,37.84,29.07,60.8,63,0,8.05,clear sky
245,Clyde River,CA,2020-10-10 18:41:29,70.47,-68.59,32.0,94,90,35.57,overcast clouds
246,Byron Bay,AU,2020-10-10 18:41:29,-28.65,153.62,55.0,100,0,6.44,clear sky
247,Tasiilaq,GL,2020-10-10 18:41:29,65.61,-37.64,34.34,94,100,35.99,overcast clouds
248,Upernavik,GL,2020-10-10 18:41:30,72.79,-56.15,40.03,66,87,5.99,overcast clouds
249,Marrakesh,MA,2020-10-10 18:38:30,31.63,-8.01,89.6,24,40,8.05,scattered clouds
250,Praya,ID,2020-10-10 18:41:30,-8.71,116.27,77.0,94,75,2.68,broken clouds
251,Methóni,GR,2020-10-10 18:41:31,36.82,21.7,70.0,72,20,4.7,few clouds
252,Leningradskiy,RU,2020-10-10 18:41:31,69.38,178.42,32.02,98,100,19.39,overcast clouds
253,Kloulklubed,PW,2020-10-10 18:41:31,7.04,134.26,78.8,88,90,10.29,moderate rain
254,Ilula,TZ,2020-10-10 18:41:31,-7.68,36.04,71.6,60,40,6.93,scattered clouds
255,Río Gallegos,AR,2020-10-10 18:41:32,-51.62,-69.22,64.4,13,40,25.28,scattered clouds
256,Chilakalūrupet,IN,2020-10-10 18:41:32,16.08,80.17,77.25,93,100,4.59,light rain
257,Polessk,RU,2020-10-10 18:41:32,54.86,21.1,55.4,93,75,6.71,broken clouds
258,Turzovka,SK,2020-10-10 18:39:17,49.4,18.62,55.4,93,82,2.24,broken clouds
259,Itarema,BR,2020-10-10 18:41:33,-2.92,-39.92,83.08,64,0,15.23,clear sky
260,Verkhnyaya Inta,RU,2020-10-10 18:41:33,65.98,60.31,43.79,96,91,10.11,overcast clouds
261,Lydenburg,ZA,2020-10-10 18:41:33,-25.1,30.46,64.99,85,19,5.01,light rain
262,Bay Roberts,CA,2020-10-10 18:41:33,47.6,-53.26,53.01,63,82,15.88,broken clouds
263,Palanka,RS,2020-10-10 18:41:33,45.25,19.39,59.0,72,79,2.24,broken clouds
264,Sai Buri,TH,2020-10-10 18:41:34,6.7,101.62,78.6,79,100,6.8,moderate rain
265,Damaturu,NG,2020-10-10 18:41:34,11.75,11.96,90.68,30,3,5.23,clear sky
266,Alta Floresta,BR,2020-10-10 18:41:34,-9.88,-56.09,98.13,30,13,5.77,few clouds
267,Tual,ID,2020-10-10 18:41:35,-5.67,132.75,80.42,77,64,17.92,broken clouds
268,Carnarvon,AU,2020-10-10 18:41:35,-24.87,113.63,66.2,88,0,16.11,clear sky
269,Harper,LR,2020-10-10 18:41:35,4.38,-7.72,76.82,90,25,9.95,moderate rain
270,Ust'-Ordynskiy,RU,2020-10-10 18:41:36,52.8,104.75,17.6,92,46,6.71,scattered clouds
271,Provideniya,RU,2020-10-10 18:41:36,64.38,-173.3,35.69,84,100,14.29,overcast clouds
272,Vardø,NO,2020-10-10 18:41:36,70.37,31.11,47.01,85,100,6.96,overcast clouds
273,Belle Fourche,US,2020-10-10 18:41:36,44.67,-103.85,80.01,25,1,4.7,clear sky
274,Atambua,ID,2020-10-10 18:41:36,-9.11,124.89,72.64,74,33,3.24,scattered clouds
275,Algodones,MX,2020-10-10 18:41:37,20.39,-105.48,89.01,70,40,8.05,scattered clouds
276,Arraial do Cabo,BR,2020-10-10 18:41:33,-22.97,-42.03,77.0,73,75,11.41,broken clouds
277,Khalkhāl,IR,2020-10-10 18:41:37,37.62,48.53,44.24,81,7,1.19,clear sky
278,Novonukutskiy,RU,2020-10-10 18:41:37,53.7,102.71,29.25,85,100,4.74,overcast clouds
279,Lima,PE,2020-10-10 18:38:32,-12.04,-77.03,70.0,64,1,13.87,clear sky
280,Guane,CU,2020-10-10 18:41:38,22.2,-84.09,87.28,68,0,10.36,clear sky
281,Khāsh,IR,2020-10-10 18:41:39,28.22,61.22,51.73,43,0,5.19,clear sky
282,Tiksi,RU,2020-10-10 18:41:39,71.69,128.87,16.03,94,81,10.36,broken clouds
283,Biltine,TD,2020-10-10 18:41:39,14.53,20.92,92.35,16,0,5.95,clear sky
284,Rikitea,PF,2020-10-10 18:41:39,-23.12,-134.97,73.8,82,1,19.48,light rain
285,Turaif,SA,2020-10-10 18:41:40,31.67,38.66,75.2,23,0,11.41,clear sky
286,Comodoro Rivadavia,AR,2020-10-10 18:41:40,-45.87,-67.5,62.6,36,20,5.82,few clouds
287,Tilichiki,RU,2020-10-10 18:41:40,60.47,166.1,28.09,95,99,15.55,overcast clouds
288,Baruun-Urt,MN,2020-10-10 18:41:40,46.68,113.28,25.32,86,0,6.73,clear sky
289,Oriximiná,BR,2020-10-10 18:41:40,-1.77,-55.87,98.65,28,4,7.99,clear sky
290,Levokumskoye,RU,2020-10-10 18:41:41,44.82,44.66,59.95,71,100,24.23,overcast clouds
291,Chiredzi,ZW,2020-10-10 18:41:41,-21.05,31.67,78.89,60,7,15.1,clear sky
292,Belaya Gora,RU,2020-10-10 18:41:41,68.53,146.42,24.98,93,100,2.06,overcast clouds
293,Derzhavīnsk,KZ,2020-10-10 18:41:41,51.1,66.32,46.38,63,70,10.36,broken clouds
294,Thinadhoo,MV,2020-10-10 18:41:42,0.53,72.93,83.37,76,13,15.75,few clouds
295,Terrace,CA,2020-10-10 18:41:42,54.52,-128.6,41.0,100,90,1.23,mist
296,Engenheiro Beltrão,BR,2020-10-10 18:41:42,-23.8,-52.27,86.79,18,76,2.59,broken clouds
297,Auki,SB,2020-10-10 18:41:42,-8.77,160.7,77.49,86,98,4.05,overcast clouds
298,Ayan,RU,2020-10-10 18:41:42,56.45,138.17,45.41,74,100,5.12,overcast clouds
299,Darhan,MN,2020-10-10 18:41:43,49.49,105.92,25.77,90,67,5.97,broken clouds
300,La Paz,MX,2020-10-10 18:40:19,24.17,-110.3,95.0,43,5,4.7,clear sky
301,Mercedes,UY,2020-10-10 18:41:43,-33.25,-58.03,68.31,50,0,9.33,clear sky
302,Klamath Falls,US,2020-10-10 18:41:43,42.22,-121.78,54.0,76,90,10.29,smoke
303,Los Aquijes,PE,2020-10-10 18:41:44,-14.1,-75.69,66.2,77,0,10.29,clear sky
304,Bilma,NE,2020-10-10 18:41:44,18.69,12.92,88.99,13,0,5.01,clear sky
305,The Pas,CA,2020-10-10 18:41:44,53.83,-101.25,37.4,86,90,25.28,overcast clouds
306,Constitucion,MX,2020-10-10 18:41:44,23.99,-104.67,73.99,19,5,6.33,clear sky
307,Abu Dhabi,AE,2020-10-10 18:37:48,24.47,54.37,87.8,55,0,8.05,clear sky
308,Mount Gambier,AU,2020-10-10 18:41:45,-37.83,140.77,44.6,93,90,1.12,overcast clouds
309,Tevaitoa,PF,2020-10-10 18:41:46,-16.78,-151.5,79.23,78,4,18.59,light rain
310,Gizo Government Station,SB,2020-10-10 18:41:46,-8.1,156.84,82.42,77,16,8.79,few clouds
311,Shenjiamen,CN,2020-10-10 18:41:46,29.96,122.3,66.51,71,1,5.66,clear sky
312,Mount Isa,AU,2020-10-10 18:41:46,-20.73,139.5,69.8,15,77,19.46,broken clouds
313,Richards Bay,ZA,2020-10-10 18:41:47,-28.78,32.04,65.97,67,99,17.56,overcast clouds
314,Tiarei,PF,2020-10-10 18:41:47,-17.53,-149.33,82.4,69,40,9.17,scattered clouds
315,Talcahuano,CL,2020-10-10 18:41:47,-36.72,-73.12,62.6,59,0,19.46,clear sky
316,Ārvi,IN,2020-10-10 18:41:47,20.98,78.23,77.34,86,100,4.18,overcast clouds
317,Marystown,CA,2020-10-10 18:41:48,47.17,-55.15,53.01,100,99,7.0,overcast clouds
318,Kaeo,NZ,2020-10-10 18:41:48,-35.1,173.78,60.01,79,87,10.0,overcast clouds
319,Kodinsk,RU,2020-10-10 18:41:48,58.69,99.18,28.51,97,100,4.94,overcast clouds
320,Thompson,CA,2020-10-10 18:41:48,55.74,-97.86,28.4,86,90,8.05,overcast clouds
321,Kirakira,SB,2020-10-10 18:41:49,-10.45,161.92,79.48,85,55,8.41,broken clouds
322,Kaitangata,NZ,2020-10-10 18:41:49,-46.28,169.85,55.0,61,100,1.99,overcast clouds
323,Katsuura,JP,2020-10-10 18:41:49,35.13,140.3,66.0,86,100,5.01,light rain
324,Copala,MX,2020-10-10 18:41:49,16.65,-98.98,86.11,64,27,7.11,scattered clouds
325,Grindavik,IS,2020-10-10 18:41:50,63.84,-22.43,44.6,81,90,5.82,overcast clouds
326,Puerto Colombia,CO,2020-10-10 18:41:50,10.99,-74.95,95.0,56,40,4.7,scattered clouds
327,Taltal,CL,2020-10-10 18:41:51,-25.4,-70.48,63.93,53,22,5.46,few clouds
328,Mushie,CD,2020-10-10 18:41:51,-3.02,16.9,76.05,86,55,2.77,light rain
329,Hobart,AU,2020-10-10 18:38:59,-42.88,147.33,50.0,66,90,4.7,overcast clouds
330,Kamwenge,UG,2020-10-10 18:41:52,0.19,30.45,62.73,98,21,2.89,moderate rain
331,General Roca,AR,2020-10-10 18:41:52,-39.03,-67.58,62.6,42,75,17.22,broken clouds
332,La Ronge,CA,2020-10-10 18:38:11,55.1,-105.28,39.2,80,90,21.92,overcast clouds
333,Saskylakh,RU,2020-10-10 18:41:52,71.92,114.08,9.95,95,92,6.33,overcast clouds
334,Victoria,SC,2020-10-10 18:39:58,-4.62,55.45,78.8,83,20,3.36,few clouds
335,Andenes,NO,2020-10-10 18:41:53,69.31,16.12,46.4,93,100,12.75,overcast clouds
336,Meriden,US,2020-10-10 18:41:53,41.54,-72.81,75.99,56,1,14.99,clear sky
337,Hofn,IS,2020-10-10 18:41:53,64.25,-15.21,43.99,69,100,4.21,overcast clouds
338,Saldanha,ZA,2020-10-10 18:41:54,-33.01,17.94,62.6,42,0,14.99,clear sky
339,Cap Malheureux,MU,2020-10-10 18:41:54,-19.98,57.61,75.99,83,2,1.99,clear sky
340,Kidal,ML,2020-10-10 18:41:54,18.44,1.41,93.45,21,100,8.86,overcast clouds
341,East London,ZA,2020-10-10 18:41:54,-33.02,27.91,55.4,76,40,11.41,scattered clouds
342,Husavik,IS,2020-10-10 18:41:55,66.04,-17.34,33.8,80,94,3.36,overcast clouds
343,Tocopilla,CL,2020-10-10 18:41:55,-22.09,-70.2,66.81,51,26,6.11,scattered clouds
344,Arman',RU,2020-10-10 18:41:55,59.7,150.17,33.8,78,0,5.01,clear sky
345,North Bend,US,2020-10-10 18:39:24,43.41,-124.22,60.01,87,90,9.26,overcast clouds
346,Inuvik,CA,2020-10-10 18:38:23,68.35,-133.72,26.6,86,90,9.17,overcast clouds
347,Solenzo,BF,2020-10-10 18:41:56,12.18,-4.08,82.13,57,15,7.02,light rain
348,Cayenne,GF,2020-10-10 18:41:56,4.93,-52.33,89.6,55,0,11.41,clear sky
349,Tshikapa,CD,2020-10-10 18:41:56,-6.42,20.8,72.12,88,100,1.66,overcast clouds
350,Coahuayana Viejo,MX,2020-10-10 18:41:56,18.73,-103.68,80.6,78,40,5.21,scattered clouds
351,Oron,NG,2020-10-10 18:41:57,4.83,8.23,76.14,91,100,3.51,light rain
352,Eganville,CA,2020-10-10 18:41:57,45.53,-77.1,71.6,60,75,9.17,broken clouds
353,Blyznyuky,UA,2020-10-10 18:41:57,48.86,36.56,58.3,60,100,9.35,overcast clouds
354,Luleå,SE,2020-10-10 18:41:05,65.58,22.15,44.6,100,0,5.32,clear sky
355,Koutsouras,GR,2020-10-10 18:41:58,35.03,25.95,72.0,62,0,7.0,clear sky
356,Rotterdam,NL,2020-10-10 18:41:58,51.92,4.48,50.0,100,90,3.36,overcast clouds
357,Klaksvík,FO,2020-10-10 18:41:58,62.23,-6.59,44.6,93,92,14.99,drizzle
358,Onega,RU,2020-10-10 18:41:59,63.91,38.14,49.55,82,100,11.86,overcast clouds
359,Caravelas,BR,2020-10-10 18:41:59,-17.71,-39.25,82.17,71,0,12.93,clear sky
360,Okhotsk,RU,2020-10-10 18:41:59,59.38,143.3,40.1,71,46,6.15,scattered clouds
361,Katobu,ID,2020-10-10 18:41:59,-4.94,122.53,74.35,82,100,3.31,overcast clouds
362,Séguéla,CI,2020-10-10 18:42:00,7.96,-6.67,74.88,86,2,1.43,moderate rain
363,Egvekinot,RU,2020-10-10 18:42:00,66.32,-179.17,28.9,95,87,12.84,overcast clouds
364,Kawalu,ID,2020-10-10 18:42:00,-7.38,108.21,72.59,92,100,1.48,light rain
365,Muroto-misakicho,JP,2020-10-10 18:42:00,33.28,134.15,72.5,75,0,6.64,clear sky
366,Eyl,SO,2020-10-10 18:42:01,7.98,49.82,79.57,83,0,7.47,clear sky
367,Hualmay,PE,2020-10-10 18:42:01,-11.1,-77.61,70.48,60,8,8.95,clear sky
368,Yemtsa,RU,2020-10-10 18:42:01,63.07,40.33,46.96,88,79,7.74,broken clouds
369,Half Moon Bay,US,2020-10-10 18:42:02,37.46,-122.43,71.01,72,40,3.36,scattered clouds
370,Beringovskiy,RU,2020-10-10 18:42:02,63.05,179.32,38.03,94,100,24.67,light rain
371,Pisco,PE,2020-10-10 18:42:02,-13.7,-76.22,66.2,77,5,10.29,clear sky
372,Chaplynka,UA,2020-10-10 18:42:02,46.37,33.54,61.34,78,78,7.74,light rain
373,Alofi,NU,2020-10-10 18:42:02,-19.06,-169.92,73.4,100,24,6.93,light rain
374,Tiznit Province,MA,2020-10-10 18:42:03,29.58,-9.5,77.72,38,0,1.99,clear sky
375,Roquetas de Mar,ES,2020-10-10 18:42:03,36.76,-2.61,69.01,88,20,1.12,few clouds
376,San Martín,AR,2020-10-10 18:42:03,-33.08,-68.47,87.8,6,0,8.05,clear sky
377,Ahipara,NZ,2020-10-10 18:42:03,-35.17,173.17,59.52,77,84,13.47,broken clouds
378,Upleta,IN,2020-10-10 18:42:04,21.73,70.28,80.65,67,99,6.87,overcast clouds
379,Cravo Norte,CO,2020-10-10 18:42:04,6.3,-70.2,88.99,56,27,4.63,scattered clouds
380,Havelock,US,2020-10-10 18:37:47,34.88,-76.9,79.0,69,75,10.29,broken clouds
381,Cocoa Beach,US,2020-10-10 18:40:43,28.32,-80.61,86.0,66,20,14.99,few clouds
382,Yumen,CN,2020-10-10 18:42:05,40.28,97.2,35.22,71,6,9.69,clear sky
383,Pinawa,CA,2020-10-10 18:42:05,50.15,-95.88,49.66,54,0,6.82,clear sky
384,Tomball,US,2020-10-10 18:42:05,30.1,-95.62,88.0,65,0,7.31,clear sky
385,Yerbogachën,RU,2020-10-10 18:42:06,61.28,108.01,25.68,96,100,4.88,overcast clouds
386,Petropavlovka,RU,2020-10-10 18:42:06,50.61,105.32,26.28,79,67,1.7,broken clouds
387,Francisco Sá,BR,2020-10-10 18:42:06,-16.48,-43.49,96.31,22,68,6.53,broken clouds
388,Licata,IT,2020-10-10 18:42:06,37.11,13.95,64.4,88,0,5.55,clear sky
389,Atuona,PF,2020-10-10 18:42:06,-9.8,-139.03,78.08,76,1,19.37,clear sky
390,Palana,RU,2020-10-10 18:42:07,59.12,159.97,32.77,89,96,13.38,overcast clouds
391,Uinskoye,RU,2020-10-10 18:42:07,56.88,56.58,48.02,66,100,9.01,moderate rain
392,Lebu,CL,2020-10-10 18:42:07,-37.62,-73.65,53.56,72,8,18.25,clear sky
393,Dickinson,US,2020-10-10 18:41:16,29.46,-95.05,88.0,55,1,10.29,clear sky
394,Bluff,NZ,2020-10-10 18:42:08,-46.6,168.33,53.01,79,0,4.0,clear sky
395,Norman Wells,CA,2020-10-10 18:42:06,65.28,-126.83,35.6,93,75,3.0,broken clouds
396,Petropavlovsk-Kamchatskiy,RU,2020-10-10 18:42:08,53.05,158.65,33.8,50,1,8.95,clear sky
397,Mogadishu,SO,2020-10-10 18:42:09,2.04,45.34,79.66,81,0,14.25,clear sky
398,Faanui,PF,2020-10-10 18:42:09,-16.48,-151.75,78.51,80,0,17.74,clear sky
399,Santa Rosa,AR,2020-10-10 18:42:09,-36.62,-64.28,72.63,31,40,26.31,scattered clouds
400,Nagato,JP,2020-10-10 18:42:04,34.38,131.2,68.0,77,75,11.41,broken clouds
401,Yankton,US,2020-10-10 18:42:10,42.87,-97.4,69.01,34,1,9.17,clear sky
402,Laredo,US,2020-10-10 18:42:11,27.51,-99.51,96.8,28,1,4.7,clear sky
403,Qandala,SO,2020-10-10 18:42:11,11.47,49.87,82.02,47,0,6.73,clear sky
404,Fare,PF,2020-10-10 18:42:11,-16.7,-151.02,79.23,78,1,18.5,clear sky
405,Sovetskiy,RU,2020-10-10 18:42:12,61.36,63.58,44.22,94,80,6.8,broken clouds
406,Huntington,US,2020-10-10 18:42:12,38.42,-82.45,66.99,93,90,4.7,overcast clouds
407,Raudeberg,NO,2020-10-10 18:42:12,61.99,5.14,50.0,66,2,8.05,clear sky
408,Sarangani,PH,2020-10-10 18:42:12,5.4,125.46,83.53,76,28,11.16,scattered clouds
409,Port-Cartier,CA,2020-10-10 18:42:13,50.03,-66.87,35.01,100,90,9.17,overcast clouds
410,Wunstorf,DE,2020-10-10 18:42:13,52.43,9.42,48.2,76,40,6.93,scattered clouds
411,Mumford,GH,2020-10-10 18:42:13,5.26,-0.76,77.25,89,16,12.3,few clouds
412,Margate,ZA,2020-10-10 18:42:14,-30.86,30.37,60.51,66,40,24.29,scattered clouds
413,Walvis Bay,NA,2020-10-10 18:42:14,-22.96,14.51,55.4,76,0,8.05,clear sky
414,Xiaoweizhai,CN,2020-10-10 18:42:14,26.19,107.51,59.85,81,100,3.02,overcast clouds
415,Manzanillo,MX,2020-10-10 18:42:14,19.05,-104.32,91.4,70,40,9.17,scattered clouds
416,Torbay,CA,2020-10-10 18:42:15,47.67,-52.73,53.01,53,75,25.28,broken clouds
417,Karratha,AU,2020-10-10 18:42:15,-20.74,116.85,68.38,78,0,10.11,light rain
418,Padang,ID,2020-10-10 18:42:16,-0.95,100.35,78.21,76,98,3.96,moderate rain
419,Camrose,CA,2020-10-10 18:42:16,53.02,-112.84,50.0,66,75,4.7,broken clouds
420,Olafsvik,IS,2020-10-10 18:42:16,64.89,-23.71,46.26,70,100,10.42,overcast clouds
421,New Norfolk,AU,2020-10-10 18:42:16,-42.78,147.06,48.0,85,5,1.99,clear sky
422,Talaya,RU,2020-10-10 18:42:17,61.38,152.75,21.2,91,0,0.34,clear sky
423,Haimen,CN,2020-10-10 18:42:17,23.19,116.61,69.8,83,38,4.47,scattered clouds
424,Dudinka,RU,2020-10-10 18:42:17,69.41,86.18,17.6,92,100,6.71,overcast clouds
425,Redmond,US,2020-10-10 18:42:17,47.67,-122.12,55.99,93,40,12.62,scattered clouds
426,Bodden Town,KY,2020-10-10 18:42:18,19.28,-81.25,86.0,79,20,9.17,few clouds
427,Srandakan,ID,2020-10-10 18:42:18,-7.94,110.25,76.89,90,99,5.84,light rain
428,Kempsey,AU,2020-10-10 18:42:19,-31.08,152.83,51.01,92,0,1.99,clear sky
429,Nhulunbuy,AU,2020-10-10 18:42:19,-12.23,136.77,73.4,88,100,9.15,overcast clouds
430,Nara,ML,2020-10-10 18:42:20,15.17,-7.29,90.34,35,61,14.63,broken clouds
431,Abay,KZ,2020-10-10 18:42:20,49.63,72.85,41.0,56,96,13.42,overcast clouds
432,Redlands,US,2020-10-10 18:42:21,34.06,-117.18,68.0,64,90,4.29,haze
433,Inongo,CD,2020-10-10 18:42:21,-1.95,18.27,74.82,86,100,3.18,moderate rain
434,Montepuez,MZ,2020-10-10 18:42:21,-13.13,39.0,74.66,64,0,8.72,clear sky
435,Omboué,GA,2020-10-10 18:42:21,-1.57,9.26,76.82,86,100,8.93,light rain
436,Vestmannaeyjar,IS,2020-10-10 18:42:22,63.44,-20.27,46.4,75,100,10.29,overcast clouds
437,Jinji,CN,2020-10-10 18:42:22,23.23,110.83,66.11,83,21,2.28,light rain
438,Panabá,MX,2020-10-10 18:42:22,21.28,-88.27,88.65,65,70,2.73,broken clouds
439,Ampanihy,MG,2020-10-10 18:42:23,-24.7,44.75,68.54,74,0,1.63,clear sky
440,Kununurra,AU,2020-10-10 18:37:43,-15.77,128.73,73.4,56,0,6.93,clear sky
441,Fayaoué,NC,2020-10-10 18:39:06,-20.65,166.53,75.74,86,92,18.05,overcast clouds
442,Nizhniy Tsasuchey,RU,2020-10-10 18:42:24,50.52,115.13,27.64,86,64,19.06,broken clouds
443,Hilo,US,2020-10-10 18:42:24,19.73,-155.09,77.0,57,1,4.7,clear sky
444,Cabo San Lucas,MX,2020-10-10 18:42:24,22.89,-109.91,87.01,70,40,11.41,scattered clouds
445,Talnakh,RU,2020-10-10 18:42:24,69.49,88.4,17.6,92,100,6.71,overcast clouds
446,Kyra,RU,2020-10-10 18:42:25,49.58,111.98,22.77,83,0,7.72,clear sky
447,Khatanga,RU,2020-10-10 18:42:25,71.97,102.5,19.54,98,100,9.53,light snow
448,Tuktoyaktuk,CA,2020-10-10 18:42:25,69.45,-133.04,28.4,79,90,5.82,overcast clouds
449,Tucuruí,BR,2020-10-10 18:42:26,-3.77,-49.67,96.82,36,94,4.59,overcast clouds
450,Zabaykal'sk,RU,2020-10-10 18:42:26,49.63,117.32,31.03,95,97,26.33,overcast clouds
451,Steinbach,CA,2020-10-10 18:42:26,49.53,-96.68,52.0,68,40,5.01,scattered clouds
452,Tuy Hoa,VN,2020-10-10 18:42:26,13.08,109.3,75.15,89,100,8.32,light rain
453,Kahului,US,2020-10-10 18:42:27,20.89,-156.47,82.4,54,20,14.99,few clouds
454,Pemba,MZ,2020-10-10 18:42:27,-12.97,40.52,77.0,78,20,11.41,few clouds
455,Aklavik,CA,2020-10-10 18:42:27,68.22,-135.01,28.4,86,75,9.17,broken clouds
456,Kavieng,PG,2020-10-10 18:42:28,-2.57,150.8,81.75,77,99,12.59,overcast clouds
457,Russell,NZ,2020-10-10 18:42:28,-35.26,174.12,60.01,79,99,10.0,overcast clouds
458,Koumac,NC,2020-10-10 18:42:28,-20.57,164.28,73.74,82,0,3.87,clear sky
459,Lázaro Cárdenas,MX,2020-10-10 18:42:28,17.96,-102.2,85.73,70,100,8.05,overcast clouds
460,São João da Barra,BR,2020-10-10 18:42:29,-21.64,-41.05,77.0,69,90,16.11,overcast clouds
461,Aksu,CN,2020-10-10 18:42:29,41.12,80.26,53.33,37,97,5.68,overcast clouds
462,Port Augusta,AU,2020-10-10 18:42:29,-32.5,137.77,54.0,93,33,4.7,light rain
463,Kizilskoye,RU,2020-10-10 18:42:30,52.73,58.89,42.46,58,100,4.9,overcast clouds
464,Alihe,CN,2020-10-10 18:42:30,50.57,123.72,39.87,90,94,3.69,light rain
465,Vinh Long,VN,2020-10-10 18:40:19,10.25,105.97,78.8,100,75,2.24,broken clouds
466,Port Hedland,AU,2020-10-10 18:42:31,-20.32,118.57,71.6,73,0,9.17,clear sky
467,Kieta,PG,2020-10-10 18:42:31,-6.22,155.63,78.6,75,100,2.62,overcast clouds
468,Taoudenni,ML,2020-10-10 18:42:31,22.68,-3.98,93.15,12,2,1.59,clear sky
469,Tsabong,BW,2020-10-10 18:42:31,-26.02,22.4,66.24,24,0,8.1,clear sky
470,Kapaa,US,2020-10-10 18:38:14,22.08,-159.32,82.4,65,40,11.41,scattered clouds
471,Kimbe,PG,2020-10-10 18:42:32,-5.55,150.14,75.52,87,84,3.15,broken clouds
472,Port Keats,AU,2020-10-10 18:42:32,-14.25,129.55,79.84,39,0,6.96,clear sky
473,Mont-Dore,NC,2020-10-10 18:42:33,-22.28,166.58,77.0,99,82,8.72,broken clouds
474,Portland,AU,2020-10-10 18:42:33,-38.33,141.6,47.48,86,84,3.49,broken clouds
475,Gorontalo,ID,2020-10-10 18:42:33,0.54,123.06,74.84,87,100,1.5,overcast clouds
476,Muscat,OM,2020-10-10 18:40:23,23.61,58.59,84.2,51,0,4.7,clear sky
477,Port Lincoln,AU,2020-10-10 18:42:31,-34.73,135.87,54.97,84,89,15.19,overcast clouds
478,Jalu,LY,2020-10-10 18:42:34,29.03,21.55,73.94,42,0,7.0,clear sky
479,Avarua,CK,2020-10-10 18:42:34,-21.21,-159.78,77.0,94,6,10.29,clear sky
480,Miraflores,CO,2020-10-10 18:42:34,1.34,-71.95,91.83,44,100,0.98,overcast clouds
481,Bonthe,SL,2020-10-10 18:42:35,7.53,-12.51,79.11,88,54,8.75,broken clouds
482,Ancud,CL,2020-10-10 18:42:35,-41.87,-73.82,55.4,71,40,13.87,scattered clouds
483,Aswān,EG,2020-10-10 18:42:35,24.09,32.91,92.34,15,0,9.73,clear sky
484,Oyama,JP,2020-10-10 18:42:36,36.3,139.8,66.99,93,75,10.29,broken clouds
485,Galeana,MX,2020-10-10 18:42:36,24.83,-100.07,81.0,10,0,1.99,clear sky
486,Kajaani,FI,2020-10-10 18:42:36,64.23,27.73,48.2,87,90,6.93,overcast clouds
487,Kovernino,RU,2020-10-10 18:42:36,57.13,43.81,48.24,75,89,5.93,overcast clouds
488,Amalāpuram,IN,2020-10-10 18:42:37,16.58,82.02,76.15,98,100,3.42,overcast clouds
489,Stodolishche,RU,2020-10-10 18:42:37,54.19,32.65,53.6,89,100,5.57,overcast clouds
490,Aljezur,PT,2020-10-10 18:41:21,37.32,-8.8,64.0,80,0,7.49,clear sky
491,Taraz,KZ,2020-10-10 18:42:37,42.9,71.37,35.6,55,1,2.24,clear sky
492,Andreapol',RU,2020-10-10 18:42:38,56.65,32.27,51.94,92,100,2.66,overcast clouds
493,Merrill,US,2020-10-10 18:42:38,45.18,-89.68,62.01,44,1,6.93,clear sky
494,Yeppoon,AU,2020-10-10 18:42:38,-23.13,150.73,69.8,83,97,5.82,overcast clouds
495,Zhigansk,RU,2020-10-10 18:42:38,66.77,123.37,21.38,92,45,3.89,scattered clouds
496,Arica,CL,2020-10-10 18:37:53,-18.48,-70.3,68.0,60,7,14.99,clear sky
497,San Patricio,MX,2020-10-10 18:42:39,19.22,-104.7,91.4,70,40,9.17,scattered clouds
498,Noyabrsk,RU,2020-10-10 18:42:39,63.2,75.45,26.78,97,100,8.7,overcast clouds
499,Yulara,AU,2020-10-10 18:42:39,-25.24,130.99,62.6,23,0,9.17,clear sky
500,Mar del Plata,AR,2020-10-10 18:42:39,-38.0,-57.56,59.0,77,0,13.87,clear sky
501,Evanston,US,2020-10-10 18:41:54,42.04,-87.69,69.8,52,75,13.87,broken clouds
502,Bilibino,RU,2020-10-10 18:42:40,68.05,166.44,14.68,93,90,1.92,overcast clouds
503,Alamosa,US,2020-10-10 18:42:40,37.47,-105.87,66.2,15,1,5.82,clear sky
504,Oktyabr'skiy,RU,2020-10-10 18:42:40,54.48,53.47,44.82,56,34,9.95,scattered clouds
505,Morros,BR,2020-10-10 18:42:41,-9.45,-46.3,96.24,30,91,1.9,overcast clouds
506,Cherskiy,RU,2020-10-10 18:42:41,68.75,161.3,20.75,98,98,4.16,overcast clouds
507,Port Blair,IN,2020-10-10 18:42:42,11.67,92.75,80.49,84,100,16.96,light rain
508,Saint Lawrence,MT,2020-10-10 18:42:42,36.06,14.2,71.01,82,20,4.7,few clouds
509,Rio Grande,BR,2020-10-10 18:42:42,-32.03,-52.1,64.99,63,0,5.01,clear sky
510,Georgetown,SH,2020-10-10 18:42:42,-7.93,-14.42,74.55,77,0,15.5,clear sky
511,Yanam,IN,2020-10-10 18:42:42,16.73,82.22,75.83,98,100,4.94,light rain
512,Gornopravdinsk,RU,2020-10-10 18:42:43,60.05,69.9,43.21,98,100,3.98,overcast clouds
513,Anchorage,US,2020-10-10 18:41:24,61.22,-149.9,41.0,80,1,2.46,clear sky
514,Jamestown,SH,2020-10-10 18:42:43,-15.94,-5.72,62.4,87,100,19.13,overcast clouds
515,Collierville,US,2020-10-10 18:41:08,35.04,-89.66,70.0,100,90,13.87,mist
516,San Quintín,MX,2020-10-10 18:42:44,30.48,-115.95,73.67,62,0,15.64,clear sky
517,Sainte-Luce,MQ,2020-10-10 18:42:44,14.47,-60.93,89.6,66,6,12.75,clear sky
518,Liverpool,CA,2020-10-10 18:42:44,44.03,-64.72,68.0,62,3,7.0,clear sky
519,Nikolskoye,RU,2020-10-10 18:42:44,59.7,30.79,48.0,87,100,2.24,overcast clouds
520,Barrow,US,2020-10-10 18:38:34,71.29,-156.79,28.4,63,75,26.4,broken clouds
521,Ponta do Sol,CV,2020-10-10 18:42:45,17.2,-25.09,84.2,66,40,32.21,scattered clouds
522,Albany,AU,2020-10-10 18:40:37,-35.02,117.89,51.8,100,90,4.7,overcast clouds
523,Necochea,AR,2020-10-10 18:42:46,-38.55,-58.74,69.01,36,0,15.01,clear sky
524,Haines Junction,CA,2020-10-10 18:42:46,60.75,-137.51,39.52,73,100,2.68,overcast clouds
525,Bethel,US,2020-10-10 18:42:46,41.37,-73.41,73.99,60,1,12.75,clear sky
526,Bull Savanna,JM,2020-10-10 18:42:46,17.89,-77.59,84.87,65,1,11.21,clear sky
527,Camocim,BR,2020-10-10 18:42:47,-2.9,-40.84,83.43,64,0,19.53,clear sky
528,Neuquén,AR,2020-10-10 18:39:31,-38.95,-68.06,62.6,42,75,17.22,broken clouds
529,Arrondissement de Dreux,FR,2020-10-10 18:42:47,48.67,1.25,51.01,81,16,5.82,few clouds
530,College,US,2020-10-10 18:42:48,64.86,-147.8,37.0,80,20,4.7,few clouds
531,Praia,CV,2020-10-10 18:38:46,14.92,-23.51,82.4,78,20,17.22,few clouds
532,Nueve de Julio,AR,2020-10-10 18:42:48,-35.44,-60.88,70.5,49,0,15.95,clear sky
533,Fairbanks,US,2020-10-10 18:38:43,64.84,-147.72,35.01,80,1,6.93,clear sky
534,Atar,MR,2020-10-10 18:42:49,20.52,-13.05,94.23,11,0,8.95,clear sky
535,Ilhabela,BR,2020-10-10 18:42:49,-23.78,-45.36,70.84,75,24,10.94,few clouds
536,Castro,CL,2020-10-10 18:42:50,-42.47,-73.77,55.4,71,40,13.87,scattered clouds
537,Ribeira Grande,PT,2020-10-10 18:42:50,38.52,-28.7,73.4,83,40,11.41,scattered clouds
