City_ID,City,Country,Lat,Lng,Max Temp,Humidity,Cloudiness,Wind Speed,Current Description
0,Walvis Bay,NA,-22.96,14.51,53.01,93,0,8.05,clear sky
1,Lagos,NG,6.58,3.75,75.49,94,100,2.75,overcast clouds
2,Qasigiannguit,GL,68.82,-51.19,46.4,49,100,16.11,overcast clouds
3,Alto Araguaia,BR,-17.31,-53.22,77.58,42,29,5.06,scattered clouds
4,Coquimbo,CL,-29.95,-71.34,53.6,87,0,2.24,clear sky
5,Georgetown,MY,5.41,100.34,84.2,83,20,2.24,few clouds
6,Zaysan,KZ,47.47,84.87,41.59,55,90,2.17,overcast clouds
7,Cidreira,BR,-30.18,-50.21,57.65,72,0,7.9,clear sky
8,Sheregesh,RU,52.92,87.99,31.05,98,100,5.26,overcast clouds
9,Vila Velha,BR,-20.33,-40.29,75.2,69,90,13.87,overcast clouds
10,Hithadhoo,MV,-0.6,73.08,82.89,73,43,11.7,scattered clouds
11,Cabedelo,BR,-6.98,-34.83,77.0,83,20,5.82,few clouds
12,Husavik,IS,66.04,-17.34,30.2,92,100,2.24,overcast clouds
13,Hermanus,ZA,-34.42,19.23,48.99,85,0,1.99,clear sky
14,Borsa,RO,47.66,24.66,51.01,90,91,0.27,light rain
15,Victoria,HK,22.29,114.16,82.99,58,5,8.01,clear sky
16,Lively,CA,46.43,-81.15,39.0,74,20,14.99,few clouds
17,Port Alfred,ZA,-33.59,26.89,53.73,79,87,6.29,light rain
18,Ponta Do Sol,PT,32.67,-17.1,69.8,73,40,17.22,scattered clouds
19,Arlit,NE,18.74,7.39,87.03,20,39,8.93,scattered clouds
20,Kilifi,KE,-3.63,39.85,76.95,80,65,4.94,broken clouds
21,Nanortalik,GL,60.14,-45.24,40.05,85,79,9.75,broken clouds
22,Faya,SA,18.39,42.45,57.2,28,27,4.05,scattered clouds
23,Cape Town,ZA,-33.93,18.42,55.0,57,0,3.36,clear sky
24,Qaanaaq,GL,77.48,-69.36,29.14,82,4,7.81,clear sky
25,Ushuaia,AR,-54.8,-68.3,48.2,57,20,11.41,few clouds
26,Caimito,CO,8.81,-75.41,76.55,93,98,4.32,overcast clouds
27,Vardo,NO,70.37,31.11,47.1,87,95,13.98,overcast clouds
28,Sao Filipe,CV,14.9,-24.5,78.6,82,1,8.72,clear sky
29,Namibe,AO,-15.2,12.15,61.14,83,0,7.45,clear sky
30,Pangnirtung,CA,66.15,-65.71,34.48,83,79,7.16,broken clouds
31,Puerto Baquerizo Moreno,EC,-0.9,-89.6,66.85,92,31,8.95,scattered clouds
32,San Francisco,US,37.77,-122.42,64.0,94,96,1.01,overcast clouds
33,East London,ZA,-33.02,27.91,54.01,77,31,11.9,light rain
34,Brigantine,US,39.41,-74.36,66.99,88,1,11.41,clear sky
35,Saint-Philippe,RE,-21.36,55.77,70.0,73,0,3.36,clear sky
36,Clyde River,CA,70.47,-68.59,30.2,100,90,25.28,overcast clouds
37,Solec Kujawski,PL,53.08,18.23,45.0,100,99,2.24,mist
38,Torbay,CA,47.67,-52.73,52.0,87,75,17.22,broken clouds
39,Samarkand,UZ,39.65,66.96,44.6,75,0,4.7,clear sky
40,Ankazoabo,MG,-22.28,44.52,71.02,54,4,1.99,clear sky
41,Carnarvon,AU,-24.87,113.63,71.6,60,0,23.04,clear sky
42,Beaupre,CA,47.04,-70.9,51.8,71,75,8.05,broken clouds
43,Touros,BR,-5.2,-35.46,77.0,88,40,6.93,scattered clouds
44,Narasannapeta,IN,18.42,84.05,83.25,78,44,10.54,scattered clouds
45,Pabna,BD,24.0,89.25,87.24,68,42,4.74,scattered clouds
46,Jamestown,US,42.1,-79.24,59.0,93,90,11.41,overcast clouds
47,Castro,BR,-24.79,-50.01,51.31,92,2,8.68,clear sky
48,Troitsko-Pechorsk,RU,62.71,56.2,48.09,94,100,7.45,overcast clouds
49,Lubao,PH,14.92,120.55,82.4,88,90,4.7,moderate rain
50,Bathsheba,BB,13.22,-59.52,75.2,94,75,4.7,broken clouds
51,San Pedro,PH,14.35,121.02,82.4,83,75,6.93,shower rain
52,Mongo,TD,12.18,18.69,77.45,33,0,2.37,clear sky
53,San Cristobal,VE,7.77,-72.22,66.02,92,99,2.82,moderate rain
54,Iqaluit,CA,63.75,-68.51,37.4,74,75,16.11,broken clouds
55,Roald,NO,62.58,6.13,48.2,93,68,16.11,broken clouds
56,Sept-Iles,CA,50.2,-66.38,37.0,100,90,3.36,light rain
57,Palaikastron,GR,35.2,26.25,66.99,67,0,5.01,clear sky
58,Tasiilaq,GL,65.61,-37.64,35.6,93,100,55.25,moderate rain
59,Souillac,MU,-20.52,57.52,71.6,94,40,3.36,shower rain
60,San Juan,AR,-31.54,-68.54,62.08,28,0,19.3,clear sky
61,Piltene,LV,57.22,21.67,50.0,100,79,3.36,broken clouds
62,Salalah,OM,17.02,54.09,75.2,73,0,1.12,clear sky
63,Busselton,AU,-33.65,115.33,71.01,44,0,4.65,clear sky
64,Gaoua,BF,10.3,-3.25,72.9,90,93,3.98,moderate rain
65,Ribeira Grande,PT,38.52,-28.7,68.94,83,16,6.71,few clouds
66,Kruisfontein,ZA,-34.0,24.73,48.99,94,66,5.03,broken clouds
67,Punta Arenas,CL,-53.15,-70.92,44.6,81,75,16.11,broken clouds
68,Brikama,GM,13.27,-16.65,79.93,86,0,9.13,clear sky
69,Saint-Augustin,CA,51.23,-58.65,46.42,97,100,7.72,overcast clouds
70,Riacho De Santana,BR,-13.61,-42.94,79.79,48,76,3.69,light rain
71,Gunjur,GM,13.2,-16.73,80.53,85,0,9.91,clear sky
72,Bredasdorp,ZA,-34.53,20.04,50.0,87,10,3.36,clear sky
73,Dikson,RU,73.51,80.55,34.0,98,100,19.19,overcast clouds
74,Alta Floresta,BR,-9.88,-56.09,70.83,97,86,1.01,overcast clouds
75,Curitibanos,BR,-27.28,-50.58,51.91,92,48,5.23,scattered clouds
76,Grindavik,IS,63.84,-22.43,46.4,100,90,32.21,heavy intensity rain
77,Bushehr,IR,28.97,50.84,71.6,49,0,6.96,clear sky
78,Santa Cruz De Tenerife,ES,28.47,-16.25,68.0,88,90,11.41,overcast clouds
79,Gornopravdinsk,RU,60.05,69.9,44.24,97,99,5.32,overcast clouds
80,Upernavik,GL,72.79,-56.15,37.29,75,16,2.86,few clouds
81,Mahebourg,MU,-20.41,57.7,71.6,94,40,3.36,shower rain
82,Raudeberg,NO,61.99,5.14,50.0,88,69,22.73,broken clouds
83,Ust-Tsilma,RU,65.44,52.15,49.08,86,89,9.37,overcast clouds
84,Mayor Pablo Lagerenza,PY,-19.93,-60.77,80.51,37,0,5.37,clear sky
85,Esperantinopolis,BR,-4.87,-44.71,77.68,72,100,8.5,overcast clouds
86,Ornskoldsvik,SE,63.29,18.72,44.6,100,90,3.36,fog
87,Behbahan,IR,30.6,50.24,64.4,42,0,8.12,clear sky
88,Mar Del Plata,AR,-38.0,-57.56,52.0,87,20,14.99,few clouds
89,Porto-Vecchio,FR,41.59,9.28,69.8,63,83,14.99,broken clouds
90,Kavaratti,IN,10.57,72.64,81.28,81,100,16.04,light rain
91,Ayia Marina,GR,37.75,23.53,69.01,69,0,1.01,clear sky
92,General Jose Eduvigis Diaz,PY,-27.17,-58.42,73.0,48,6,3.0,clear sky
93,Arraial Do Cabo,BR,-22.97,-42.03,70.02,79,52,19.8,light rain
94,Cap Malheureux,MU,-19.98,57.61,73.99,87,1,3.0,clear sky
95,Krasnaya Gora,RU,53.0,31.6,51.8,93,75,2.24,mist
96,Berlevag,NO,70.86,29.09,47.16,91,100,13.94,overcast clouds
97,Ponta Delgada,PT,37.73,-25.67,68.0,88,75,8.05,broken clouds
98,Sovetskiy,RU,61.36,63.58,43.25,94,100,5.7,overcast clouds
99,Robertsport,LR,6.75,-11.37,78.75,82,100,10.42,moderate rain
100,Navoloki,RU,57.47,41.96,44.76,84,94,5.12,overcast clouds
101,Maniitsoq,GL,65.42,-52.9,39.36,87,100,3.6,light rain
102,Coihaique,CL,-45.58,-72.07,50.0,39,47,5.82,scattered clouds
103,Ostrovnoy,RU,68.05,39.51,44.62,88,65,17.38,broken clouds
104,Praia Da Vitoria,PT,38.73,-27.07,66.2,93,75,10.87,broken clouds
105,Bambous Virieux,MU,-20.34,57.76,73.99,94,40,3.36,shower rain
106,Lagoa,PT,39.05,-27.98,68.56,80,49,12.39,scattered clouds
107,Kindu,CD,-2.95,25.95,70.63,96,100,0.6,overcast clouds
108,Rocha,UY,-34.48,-54.33,45.03,86,0,6.51,clear sky
109,Riachao Das Neves,BR,-11.75,-44.91,72.46,77,100,2.89,light rain
110,Saldanha,ZA,-33.01,17.94,53.22,67,0,13.4,clear sky
111,Opuwo,NA,-18.06,13.84,50.97,45,0,1.72,clear sky
112,Saint George,US,37.1,-113.58,77.0,16,1,4.85,clear sky
113,Amparafaravola,MG,-17.58,48.22,67.84,82,91,2.64,overcast clouds
114,Lodja,CD,-3.48,23.43,67.5,96,100,0.51,overcast clouds
115,Longyearbyen,SJ,78.22,15.64,26.6,58,20,9.17,few clouds
116,Ulenje,TZ,-8.93,33.68,60.1,69,42,2.24,scattered clouds
117,Puerto Del Rosario,ES,28.5,-13.86,71.6,83,20,18.34,few clouds
118,Maragogi,BR,-9.01,-35.22,76.64,82,32,12.66,scattered clouds
119,Codrington,AU,-38.27,141.97,57.67,73,86,8.68,overcast clouds
120,Mogadishu,SO,2.04,45.34,78.87,84,21,11.21,few clouds
121,Sitges,ES,41.24,1.81,60.01,100,93,7.92,overcast clouds
122,Cayenne,GF,4.93,-52.33,73.4,100,20,2.24,few clouds
123,Barra,BR,-11.09,-43.14,74.03,77,35,1.1,scattered clouds
124,Chuy,UY,-33.7,-53.46,49.57,91,0,5.35,clear sky
125,Dawlatabad,AF,36.41,64.91,48.36,50,31,5.01,scattered clouds
126,Tonk,IN,26.17,75.78,84.97,24,4,1.36,clear sky
127,Thompson,CA,55.74,-97.86,30.2,92,90,6.93,overcast clouds
128,Aquiraz,BR,-3.9,-38.39,78.8,83,40,6.93,scattered clouds
129,Gamba,GA,-2.65,10.0,75.83,86,100,7.09,overcast clouds
130,Dickson,US,36.08,-87.39,68.0,94,90,6.93,moderate rain
131,Almeirim,BR,-1.52,-52.58,80.65,61,0,5.99,clear sky
132,Narsaq,GL,60.92,-46.05,41.0,86,84,6.62,light rain
133,Vestmannaeyjar,IS,63.44,-20.27,48.56,84,100,31.54,heavy intensity rain
134,Togur,RU,58.36,82.83,29.14,97,77,6.15,broken clouds
135,Micheweni,TZ,-4.97,39.83,78.49,76,85,5.28,overcast clouds
136,Mollendo,PE,-17.02,-72.01,59.25,80,94,0.45,overcast clouds
137,Dingle,PH,11.0,122.67,84.13,77,100,3.09,overcast clouds
138,Marawi,PH,8.0,124.29,76.55,83,100,1.16,overcast clouds
139,Portknockie,GB,57.7,-2.86,50.0,81,95,17.22,overcast clouds
140,San Borja,BO,-14.82,-66.85,81.9,38,6,2.21,clear sky
141,Petrozavodsk,RU,61.78,34.35,44.6,100,92,2.24,overcast clouds
142,Tromso,NO,69.65,18.96,44.6,100,75,21.92,light intensity drizzle
143,Humaita,BR,-7.51,-63.02,79.02,64,10,1.66,clear sky
144,Male,MV,4.17,73.51,84.2,83,75,18.34,broken clouds
145,Abu Samrah,SY,35.3,37.18,62.62,43,0,6.93,clear sky
146,Sarai Naurang,PK,32.83,70.78,83.91,18,0,1.97,clear sky
147,Grevesmuhlen,DE,53.87,11.18,43.0,93,95,4.0,overcast clouds
148,Kalangala,UG,-0.31,32.23,66.2,88,20,8.05,few clouds
149,Sao Felix Do Xingu,BR,-6.64,-51.99,76.73,57,12,0.67,few clouds
150,Sorochinsk,RU,52.43,53.16,39.74,62,99,5.99,overcast clouds
151,Oksfjord,NO,70.24,22.35,46.99,93,100,13.87,overcast clouds
152,Omboue,GA,-1.57,9.26,75.38,89,100,6.24,overcast clouds
153,Hofn,IS,64.25,-15.21,43.54,73,100,4.68,overcast clouds
154,Visby,SE,57.64,18.3,51.01,93,12,5.82,few clouds
155,Vilhena,BR,-12.74,-60.15,78.22,48,1,6.04,clear sky
156,Samana,DO,19.21,-69.34,79.3,88,86,7.54,overcast clouds
157,Bull Savanna,JM,17.89,-77.59,77.04,81,9,5.28,clear sky
158,Buarcos,PT,40.17,-8.88,61.0,93,0,1.12,clear sky
159,Buzuluk,RU,52.78,52.26,39.4,65,90,5.99,overcast clouds
160,Nadym,RU,65.53,72.52,33.17,94,100,16.46,light rain
161,Sao Joao Da Barra,BR,-21.64,-41.05,70.39,84,100,12.44,overcast clouds
162,Meulaboh,ID,4.14,96.13,75.29,92,100,7.0,light rain
163,Salinopolis,BR,-0.61,-47.36,79.77,81,11,10.85,few clouds
164,Luanda,AO,-8.84,13.23,73.4,83,40,6.93,scattered clouds
165,Greeneville,US,36.16,-82.83,64.0,100,90,4.94,moderate rain
166,Vagur,FO,61.47,-6.81,47.61,82,100,17.29,overcast clouds
167,Giron,CO,7.07,-73.17,72.55,71,100,4.41,overcast clouds
168,Wattegama,LK,6.8,81.48,82.4,83,20,13.87,few clouds
169,Moose Factory,CA,51.26,-80.61,28.4,92,1,5.82,clear sky
170,Diego De Almagro,CL,-26.37,-70.05,54.21,42,0,1.16,clear sky
171,Sorland,NO,67.67,12.69,46.4,93,75,5.82,broken clouds
172,Rudnichnyy,RU,59.62,52.47,41.74,96,84,5.06,broken clouds
173,Cervo,ES,43.67,-7.41,51.01,84,78,10.78,broken clouds
174,Polyarnyy,RU,69.2,33.45,46.4,93,75,4.47,broken clouds
175,Quatre Cocos,MU,-20.21,57.76,73.99,94,40,3.36,shower rain
176,Lyngdal,NO,58.14,7.07,46.0,79,48,3.0,scattered clouds
177,Yambio,SS,4.57,28.4,65.28,97,41,2.82,scattered clouds
178,Lake City,US,30.19,-82.64,77.0,94,20,4.34,few clouds
179,Plettenberg Bay,ZA,-34.05,23.37,51.73,75,46,7.34,scattered clouds
180,Alberton,CA,46.82,-64.07,59.23,85,100,28.57,moderate rain
181,Balkanabat,TM,39.51,54.37,50.05,43,0,13.51,clear sky
182,Palmas,BR,-10.21,-48.36,77.0,83,75,5.82,broken clouds
183,Caarapo,BR,-22.63,-54.82,67.98,36,16,4.43,few clouds
184,Paamiut,GL,61.99,-49.67,40.87,78,81,22.01,broken clouds
185,Tsumeb,NA,-19.23,17.72,62.29,30,0,10.71,clear sky
186,Liverpool,GB,53.41,-2.98,52.0,87,9,6.93,clear sky
187,Pechenga,RU,69.53,31.17,42.8,93,63,18.34,broken clouds
188,Saint-Francois,FR,46.42,3.91,39.99,99,67,4.29,broken clouds
189,Ust-Tarka,RU,55.57,75.7,43.48,97,100,5.28,light rain
190,Marakkanam,IN,12.2,79.95,79.02,83,100,7.0,moderate rain
191,Muros,ES,42.78,-9.06,55.0,79,2,3.0,clear sky
192,Port Elizabeth,ZA,-33.92,25.57,51.8,87,40,9.17,scattered clouds
193,Khudumelapye,BW,-23.88,24.75,63.84,29,39,5.77,scattered clouds
194,Bonoua,CI,5.27,-3.6,75.2,94,40,8.05,scattered clouds
195,Porto Novo,BJ,6.5,2.6,77.29,85,100,4.7,light rain
196,Sierpc,PL,52.86,19.67,46.9,85,100,5.84,overcast clouds
197,Waw,SS,7.7,28.0,70.56,92,49,3.18,scattered clouds
198,Maarianhamina,AX,60.1,19.93,50.0,93,20,9.17,few clouds
199,Redencao,BR,-4.23,-38.73,79.0,83,40,6.93,scattered clouds
200,Santa Maria,BR,-29.68,-53.81,51.04,70,0,6.13,clear sky
201,Rawson,AR,-43.3,-65.1,47.52,76,0,4.03,clear sky
202,Leh,IN,34.17,77.58,43.81,49,0,3.8,clear sky
203,Iguguno,TZ,-4.57,34.63,63.99,54,13,4.41,few clouds
204,Brumunddal,NO,60.88,10.94,37.99,95,100,3.0,light rain
205,Lebu,CL,-37.62,-73.65,49.17,87,9,18.41,clear sky
206,Bridlington,GB,54.08,-0.19,48.2,81,54,6.93,broken clouds
207,Aguadilla,PR,18.43,-67.15,79.0,89,56,3.0,broken clouds
208,Mana,GF,5.66,-53.78,80.01,82,7,9.71,clear sky
209,High Rock,BS,26.62,-78.28,83.77,77,98,13.44,overcast clouds
210,Oranjemund,NA,-28.55,16.43,59.04,49,0,9.04,clear sky
211,Porbandar,IN,21.64,69.61,78.8,94,100,8.05,haze
212,Nyimba,ZM,-14.56,30.81,75.63,59,83,4.12,light rain
213,Taltal,CL,-25.4,-70.48,54.7,74,36,0.65,scattered clouds
214,Westport,US,41.14,-73.36,68.0,82,1,10.29,clear sky
215,Ambilobe,MG,-13.2,49.05,75.16,82,0,2.84,clear sky
216,Vredendal,ZA,-31.67,18.5,55.54,51,0,11.18,clear sky
217,Emirdag,TR,39.02,31.15,53.78,71,0,1.34,clear sky
218,Lubango,AO,-14.92,13.49,57.13,28,0,2.21,clear sky
219,Inhambane,MZ,-23.86,35.38,70.0,82,100,17.43,light rain
220,Aripuana,BR,-9.17,-60.63,74.98,79,94,3.15,overcast clouds
221,Dhankuta,NP,26.98,87.33,75.04,73,0,2.01,clear sky
222,Tocopilla,CL,-22.09,-70.2,59.85,64,19,4.18,few clouds
223,Marsa Matruh,EG,31.35,27.25,68.0,68,20,4.7,few clouds
224,Hualmay,PE,-11.1,-77.61,63.09,80,0,7.2,clear sky
225,Nioro,GM,13.35,-15.75,75.47,95,0,5.3,clear sky
226,Podgorica,ME,42.44,19.26,53.6,87,40,4.7,scattered clouds
227,Trelew,AR,-43.25,-65.31,47.37,71,0,4.79,clear sky
228,Hamilton,US,39.18,-84.53,68.0,88,90,6.93,overcast clouds
229,Boda,CF,4.32,17.47,69.6,91,89,2.91,overcast clouds
230,Grootfontein,NA,-19.57,18.12,57.99,35,0,12.39,clear sky
231,Sur,OM,22.57,59.53,83.07,56,0,8.28,clear sky
232,Aswan,EG,24.09,32.91,81.7,27,10,9.48,clear sky
233,Muisne,EC,0.6,-80.03,74.07,88,95,8.99,light rain
234,Ndjole,GA,-0.18,10.76,72.84,96,100,2.33,moderate rain
235,Umm Lajj,SA,25.02,37.27,87.24,37,0,5.39,clear sky
236,Kamenka,RU,51.32,42.77,44.01,58,100,12.39,overcast clouds
237,Honningsvag,NO,70.98,25.97,47.08,90,100,21.5,overcast clouds
238,Matara,LK,5.95,80.54,81.36,79,86,16.35,light rain
239,Mecca,SA,21.43,39.83,85.23,14,0,9.89,clear sky
240,Nizwa,OM,22.93,57.53,79.97,24,0,4.79,clear sky
241,Kismayo,SO,-0.36,42.55,77.63,83,29,9.73,scattered clouds
242,Koroni,GR,36.8,21.95,64.99,87,0,8.72,clear sky
243,Gravina In Puglia,IT,40.82,16.42,55.99,100,20,1.12,few clouds
244,Prieska,ZA,-29.66,22.75,44.06,59,0,14.05,clear sky
245,Araci,BR,-11.33,-38.97,73.42,81,8,8.23,clear sky
246,Riyadh,SA,24.69,46.72,64.4,27,0,4.7,clear sky
247,Iquique,CL,-20.22,-70.14,62.6,72,90,3.36,overcast clouds
248,Ilulissat,GL,69.22,-51.1,46.4,49,92,16.11,overcast clouds
249,Tabou,CI,4.42,-7.35,75.56,91,96,9.78,moderate rain
250,Odienne,CI,9.51,-7.57,71.11,89,93,2.04,overcast clouds
251,Adrar,MR,20.5,-10.07,83.93,15,0,1.41,clear sky
252,Ous,RU,60.91,61.52,46.09,90,100,5.44,overcast clouds
253,Hobyo,SO,5.35,48.53,78.8,87,7,6.71,clear sky
254,Cape Canaveral,US,28.41,-80.6,82.4,88,20,11.41,few clouds
255,Clarence Town,AU,-32.58,151.78,81.0,19,0,10.29,clear sky
256,Taoudenni,ML,22.68,-3.98,86.72,13,21,4.9,few clouds
257,Otjiwarongo,NA,-20.46,16.65,58.53,34,0,13.06,clear sky
258,Karauli,IN,26.5,77.02,83.5,28,0,0.94,clear sky
259,Cliza,BO,-17.6,-65.93,62.6,63,75,6.93,broken clouds
260,Ler,SS,8.3,30.14,70.92,92,100,2.84,overcast clouds
261,Savyntsi,UA,49.4,37.06,52.2,73,100,13.11,overcast clouds
262,Fort-Shevchenko,KZ,44.51,50.26,51.87,46,0,29.39,clear sky
263,Podor,MR,16.65,-14.96,89.13,45,75,10.09,broken clouds
264,Winneba,GH,5.35,-0.62,77.0,94,75,8.05,broken clouds
265,San Antonio,US,29.42,-98.49,82.4,53,1,3.96,clear sky
266,Abha,SA,18.22,42.51,57.2,28,9,5.14,clear sky
267,Uarini,BR,-2.99,-65.11,78.8,70,52,2.04,broken clouds
268,Viedma,AR,-40.81,-63.0,51.01,88,97,5.99,overcast clouds
269,Koscian,PL,52.09,16.65,42.01,93,100,1.12,mist
270,Lichinga,MZ,-13.31,35.24,69.8,68,75,6.93,smoke
271,Machhlishahr,IN,25.68,82.42,78.8,83,86,2.24,mist
272,Olyka,UA,50.72,25.81,57.0,98,100,7.0,overcast clouds
273,Sault Sainte Marie,CA,46.52,-84.33,44.6,65,1,4.7,clear sky
274,Severnoye,RU,56.35,78.36,40.8,98,100,4.43,light rain
275,Svetlyy,RU,54.67,20.13,48.2,93,63,6.71,broken clouds
276,Padang,ID,-0.95,100.35,80.91,73,100,2.89,very heavy rain
277,Villa Carlos Paz,AR,-31.42,-64.5,68.0,18,5,26.4,dust
278,Salamiyah,SY,35.01,37.05,63.07,53,0,7.45,clear sky
279,Anklam,DE,53.86,13.69,41.0,87,0,1.01,clear sky
280,Matay,EG,28.42,30.78,70.5,78,0,13.89,clear sky
281,Karlstad,SE,59.38,13.5,42.8,100,99,4.7,overcast clouds
282,Comodoro Rivadavia,AR,-45.87,-67.5,53.6,37,0,8.05,clear sky
283,Poole,GB,50.72,-2.0,50.0,87,1,1.99,clear sky
284,Cockburn Town,TC,21.46,-71.14,82.33,80,73,16.91,broken clouds
285,Astana,KZ,51.18,71.45,42.8,70,100,11.18,overcast clouds
286,Ihosy,MG,-22.4,46.12,68.23,79,11,2.01,few clouds
287,Mehamn,NO,71.04,27.85,46.62,92,99,14.0,overcast clouds
288,Bani Walid,LY,31.76,13.99,65.14,79,0,3.49,clear sky
289,Pilani,IN,28.37,75.6,84.87,17,0,1.21,clear sky
290,Kisangani,CD,0.52,25.2,68.52,92,67,0.87,broken clouds
291,Calabozo,VE,8.92,-67.43,75.04,93,100,3.09,overcast clouds
292,Mbuyapey,PY,-26.2,-56.75,62.58,60,2,4.07,clear sky
293,Pathalgaon,IN,22.57,83.47,78.4,83,100,5.06,overcast clouds
294,Mocuba,MZ,-16.84,36.99,73.38,77,86,3.11,overcast clouds
295,Luderitz,NA,-26.65,15.16,56.44,56,0,14.41,clear sky
296,Ghanzi,BW,-21.57,21.78,64.85,28,24,9.44,few clouds
297,Bandarbeyla,SO,9.49,50.81,77.13,74,58,4.16,broken clouds
298,Araouane,ML,18.9,-3.53,89.67,30,26,8.68,scattered clouds
299,Itarema,BR,-2.92,-39.92,75.99,89,7,9.04,clear sky
300,Boddam,GB,57.47,-1.78,50.0,87,97,16.11,overcast clouds
301,Los Llanos De Aridane,ES,28.66,-17.92,73.4,78,75,13.87,broken clouds
302,Osterholz-Scharmbeck,DE,53.23,8.8,42.01,100,75,3.36,broken clouds
303,Ishimbay,RU,53.45,56.04,39.11,69,100,6.51,overcast clouds
304,Bagan,RU,54.1,77.66,42.48,96,100,9.1,light rain
305,Kappeln,DE,54.66,9.93,46.4,81,36,11.18,scattered clouds
306,Yar-Sale,RU,66.83,70.83,36.75,97,100,10.69,overcast clouds
307,Fiumicino,IT,41.77,12.23,64.4,88,75,5.82,broken clouds
308,Lima,PE,-12.04,-77.03,62.6,82,40,13.87,scattered clouds
309,Loucovice,CZ,48.62,14.26,46.99,99,100,1.01,light rain
310,Barra Do Garcas,BR,-15.89,-52.26,81.61,34,36,3.09,scattered clouds
311,Talnakh,RU,69.49,88.4,19.4,92,75,13.42,broken clouds
312,Ciudad Guayana,VE,8.35,-62.65,75.45,88,84,5.03,broken clouds
313,Klaksvik,FO,62.23,-6.59,44.6,93,99,5.82,light rain
314,Camacupa,AO,-12.02,17.48,62.78,88,94,2.46,overcast clouds
315,Bolgatanga,GH,10.79,-0.85,75.07,78,100,7.25,light rain
316,Yarada,IN,17.65,83.27,82.4,83,75,5.82,mist
317,Benjamin Aceval,PY,-24.97,-57.57,78.8,31,87,5.82,overcast clouds
318,Vallentuna,SE,59.53,18.08,42.01,100,40,6.93,scattered clouds
319,Marsh Harbour,BS,26.54,-77.06,82.15,81,75,16.4,broken clouds
320,Polunochnoye,RU,60.87,60.42,44.42,90,100,5.53,overcast clouds
321,Saint Anthony,US,45.02,-93.22,57.0,54,1,4.7,clear sky
322,Sambava,MG,-14.27,50.17,74.73,89,42,8.81,scattered clouds
323,Bilma,NE,18.69,12.92,80.11,18,0,12.15,clear sky
324,Talcahuano,CL,-36.72,-73.12,51.8,81,0,11.41,clear sky
325,Oktyabrskoye,RU,43.06,44.74,39.2,100,64,6.71,broken clouds
326,Banki,IN,20.38,85.53,82.4,88,20,5.82,haze
327,Uige,AO,-7.61,15.06,65.43,91,100,1.86,overcast clouds
328,Udankudi,IN,8.43,78.02,84.2,70,40,5.82,scattered clouds
329,Dalvik,IS,65.97,-18.53,30.2,92,99,2.24,overcast clouds
330,Tortosa,ES,40.81,0.52,59.0,58,0,24.0,clear sky
331,Bereda,ES,43.27,-7.54,51.01,92,35,8.99,scattered clouds
332,Henties Bay,NA,-22.12,14.28,53.01,88,0,3.0,clear sky
333,Benguela,AO,-12.58,13.41,70.36,82,52,2.86,broken clouds
334,Maldonado,UY,-34.67,-54.92,48.2,93,20,11.41,few clouds
335,Korsakovo,RU,53.27,37.36,47.77,55,100,10.07,overcast clouds
336,Doha,QA,25.29,51.53,82.4,45,0,2.24,clear sky
337,Jalu,LY,29.03,21.55,63.32,65,0,5.28,clear sky
338,Fatsa,TR,41.03,37.5,68.0,82,40,1.36,scattered clouds
339,Vila Franca Do Campo,PT,37.72,-25.43,68.0,88,75,8.05,broken clouds
340,Mladenovac,RS,44.44,20.7,51.8,93,0,3.36,clear sky
341,Sidi Ali,DZ,36.1,0.42,65.77,85,98,3.96,overcast clouds
342,Moissala,TD,8.34,17.77,70.93,94,51,4.07,broken clouds
343,Volodarskiy,RU,46.4,48.54,48.2,61,0,13.42,clear sky
344,Shahr-E Babak,IR,30.12,55.12,43.65,50,0,3.0,clear sky
345,Krasnoselkup,RU,65.7,82.47,17.65,94,100,10.78,overcast clouds
346,Beyneu,KZ,45.32,55.2,41.63,66,0,10.67,clear sky
347,Shache,CN,38.42,77.24,55.83,37,100,14.92,overcast clouds
348,Beisfjord,NO,68.38,17.6,41.0,98,97,3.0,overcast clouds
349,Tarko-Sale,RU,64.92,77.78,28.38,95,100,13.78,overcast clouds
350,Buraydah,SA,26.33,43.98,62.6,36,0,5.82,clear sky
351,Olafsvik,IS,64.89,-23.71,45.34,78,100,29.26,heavy intensity rain
352,Paramonga,PE,-10.67,-77.83,62.44,83,1,5.53,clear sky
353,Malanje,AO,-9.54,16.34,62.83,93,100,2.62,overcast clouds
354,Marienburg,PL,54.04,19.03,43.0,100,79,5.66,broken clouds
355,Plymouth,US,41.83,-70.83,66.99,77,1,13.87,clear sky
356,Wanlaweyn,SO,2.62,44.89,78.35,77,99,7.56,overcast clouds
357,Kifri,IQ,34.7,44.97,69.44,25,0,10.27,clear sky
358,Bhadra,IN,29.12,75.17,84.11,17,0,2.8,clear sky
359,Gurupi,BR,-11.73,-49.07,73.96,80,100,14.2,light rain
360,Ancud,CL,-41.87,-73.82,45.0,93,7,6.93,clear sky
361,Mayachnyy,RU,52.68,55.69,38.39,67,100,3.94,overcast clouds
362,Margate,GB,51.38,1.39,48.0,92,40,1.99,scattered clouds
363,Saint-Joseph,RE,-21.37,55.62,71.01,73,5,3.36,clear sky
364,Balykshi,KZ,47.07,51.87,44.6,52,0,13.42,clear sky
365,Sao Desiderio,BR,-12.36,-44.97,70.25,79,82,0.56,broken clouds
366,Labytnangi,RU,66.66,66.42,37.92,94,87,6.35,overcast clouds
367,Fredonia,US,42.44,-79.33,62.6,67,90,9.17,overcast clouds
368,Alma,CA,48.55,-71.65,41.0,74,75,20.8,broken clouds
369,Camacha,PT,33.08,-16.33,71.6,64,40,11.41,scattered clouds
370,Valparaiso,CL,-33.04,-71.63,57.2,50,0,4.7,clear sky
371,Tabat,ID,-2.63,115.23,96.44,44,88,1.19,overcast clouds
372,Tarauaca,BR,-8.16,-70.77,76.73,63,10,1.7,clear sky
373,Sao Jose Da Coroa Grande,BR,-8.9,-35.15,76.91,82,32,13.22,scattered clouds
374,Centralina,BR,-18.58,-49.2,79.72,46,46,5.08,scattered clouds
375,Les Cayes,HT,18.2,-73.75,78.62,80,2,2.62,clear sky
376,San Luis,AR,-33.3,-66.34,55.85,34,0,14.25,clear sky
377,West Bay,KY,19.37,-81.42,84.2,83,20,8.05,few clouds
378,Saint-Louis,SN,16.33,-15.0,87.26,54,98,10.85,overcast clouds
379,Otukpo,NG,7.19,8.13,71.73,99,100,5.1,light rain
380,Kibaya,TZ,-5.3,36.57,57.85,86,6,1.99,clear sky
381,San Javier,ES,37.81,-0.84,66.0,100,35,2.24,scattered clouds
382,Thinadhoo,MV,0.53,72.93,82.83,76,24,13.78,few clouds
383,Ramhormoz,IR,31.28,49.6,64.4,42,0,7.92,clear sky
384,Doka,SD,13.52,35.77,70.92,77,1,6.44,clear sky
385,Mattru,SL,7.62,-11.83,73.4,96,99,2.08,overcast clouds
386,Havelock,US,34.88,-76.9,73.99,83,75,5.82,broken clouds
387,Libreville,GA,0.39,9.45,75.2,94,75,3.36,light rain
388,Naliya,IN,23.27,68.83,84.06,65,38,9.4,scattered clouds
389,Eyl,SO,7.98,49.82,78.55,78,0,2.08,clear sky
390,Bonavista,CA,48.65,-53.11,50.0,87,100,5.99,overcast clouds
391,Gobabis,NA,-22.45,18.97,53.85,39,0,9.95,clear sky
392,Tchollire,CM,8.4,14.17,69.87,95,100,3.44,light rain
393,Midyat,TR,37.42,41.34,50.0,57,6,4.7,clear sky
394,Pyshchug,RU,58.89,45.71,45.81,90,98,2.95,overcast clouds
395,Gat,IL,31.61,34.76,73.0,100,5,4.29,clear sky
396,Gitarama,RW,-2.07,29.76,64.4,77,20,3.36,few clouds
397,Caravelas,BR,-17.71,-39.25,77.5,86,79,4.85,broken clouds
398,Laguna,US,38.42,-121.42,69.01,72,1,6.93,clear sky
399,Ovalle,CL,-30.6,-71.2,59.29,65,0,1.43,clear sky
400,Amethi,IN,26.15,81.82,81.14,52,79,3.71,broken clouds
401,Asyut,EG,27.18,31.18,73.4,60,0,9.17,clear sky
402,Bam,IR,29.11,58.36,58.33,26,0,6.82,clear sky
403,Natal,BR,-5.79,-35.21,77.0,88,40,6.93,scattered clouds
404,Saint-Michel-Des-Saints,CA,46.68,-73.92,38.3,84,81,10.63,broken clouds
405,Nuuk,GL,64.18,-51.72,37.4,93,98,5.82,overcast clouds
406,Oriximina,BR,-1.77,-55.87,82.09,53,1,3.27,clear sky
407,Necochea,AR,-38.55,-58.74,51.01,88,100,11.01,moderate rain
408,Kralendijk,BQ,12.15,-68.27,82.4,78,0,11.41,clear sky
409,Koutiala,ML,12.39,-5.46,77.61,68,48,5.82,scattered clouds
410,Abu Kamal,SY,34.45,40.92,65.61,28,0,6.35,clear sky
411,Sinnamary,GF,5.38,-52.95,80.08,83,0,10.11,clear sky
412,Havre-Saint-Pierre,CA,50.23,-63.6,37.4,100,90,9.17,mist
413,Lowestoft,GB,52.48,1.75,46.0,97,4,13.15,clear sky
414,Le Port,RE,-20.94,55.29,71.6,78,0,6.93,clear sky
415,Qobustan,AZ,40.08,49.41,57.2,67,5,6.93,clear sky
416,Pryazha,RU,61.69,33.62,44.6,100,95,2.24,overcast clouds
417,Nalut,LY,30.33,10.85,72.18,35,40,11.18,scattered clouds
418,Camapua,BR,-19.53,-54.04,80.64,35,41,10.56,scattered clouds
419,Pishin,PK,30.58,67.0,56.5,34,0,1.61,clear sky
420,Raga,SS,8.46,25.68,70.05,87,95,4.03,overcast clouds
421,Faratsiho,MG,-19.4,46.95,60.55,81,11,1.99,few clouds
422,Pontalina,BR,-17.52,-49.45,77.45,51,17,1.99,few clouds
423,Carballo,ES,43.21,-8.69,54.0,87,75,4.7,broken clouds
424,Valenca,BR,-13.37,-39.07,73.24,94,15,1.74,few clouds
425,George,ZA,-33.96,22.46,46.4,87,15,4.7,few clouds
426,Shelburne,CA,44.08,-80.2,51.8,71,75,6.93,broken clouds
427,Salta,AR,-24.79,-65.41,64.4,39,0,4.7,clear sky
428,Ravar,IR,31.27,56.81,50.04,35,0,3.02,clear sky
429,The Valley,AI,18.22,-63.06,82.0,83,20,6.93,few clouds
430,Santo Antonio Do Ica,BR,-3.1,-67.94,77.38,71,65,1.41,broken clouds
431,Aneho,TG,6.23,1.6,77.0,94,20,2.24,few clouds
432,Nizhnevartovsk,RU,60.93,76.55,32.0,95,75,8.95,broken clouds
433,Rio Gallegos,AR,-51.62,-69.22,53.6,46,100,16.11,overcast clouds
434,Sawakin,SD,19.11,37.33,82.08,66,0,7.14,clear sky
435,Sompeta,IN,18.93,84.6,83.55,79,30,10.94,scattered clouds
436,Brae,GB,60.4,-1.35,46.4,81,22,6.93,few clouds
437,Srikakulam,IN,18.3,83.9,83.7,77,91,11.74,overcast clouds
438,Oranjestad,AW,12.52,-70.03,84.2,74,20,14.99,few clouds
439,Peniche,PT,39.36,-9.38,60.01,86,0,4.0,clear sky
440,Chapais,CA,49.78,-74.85,32.0,97,90,9.17,light snow
441,Boa Vista,BR,2.82,-60.67,78.8,74,0,4.7,clear sky
442,Yanaul,RU,56.27,54.93,45.68,64,98,9.01,overcast clouds
443,Prainha,BR,-1.8,-53.48,80.15,55,0,3.31,clear sky
444,Szydlowiec,PL,51.23,20.86,53.01,87,100,1.01,overcast clouds
445,Asfi,MA,32.3,-9.24,66.6,88,0,11.43,clear sky
446,Salym,RU,60.06,71.48,40.95,98,100,1.36,light rain
447,Witu,KE,-2.39,40.44,73.4,94,1,5.03,clear sky
448,Charlestown,AU,-32.95,151.67,81.0,19,3,10.29,clear sky
449,Gazojak,TM,41.19,61.4,43.45,56,0,11.21,clear sky
450,Qaqortoq,GL,60.72,-46.03,41.0,86,50,8.66,light rain
451,Garango,BF,11.8,-0.55,78.04,73,100,6.26,overcast clouds
452,Rokytne,UA,51.28,27.21,52.29,96,100,1.61,overcast clouds
453,Balma,FR,43.61,1.5,50.0,87,40,11.41,scattered clouds
454,Fredericton,CA,45.95,-66.67,57.99,93,90,6.93,heavy intensity rain
455,San Matias,BO,-16.37,-58.4,85.46,32,6,4.18,clear sky
456,Trairi,BR,-3.28,-39.27,77.5,85,2,9.44,clear sky
457,Piacabucu,BR,-10.41,-36.43,76.14,83,1,18.16,clear sky
458,Saint-Pierre,RE,-21.34,55.48,71.6,73,0,2.24,clear sky
459,Hambantota,LK,6.12,81.12,82.4,83,20,13.87,few clouds
460,Atbasar,KZ,51.8,68.33,44.64,73,100,9.17,overcast clouds
461,Kathmandu,NP,27.72,85.32,69.8,88,20,1.45,few clouds
462,Guasdualito,VE,7.24,-70.73,74.23,91,25,2.35,light rain
463,Knysna,ZA,-34.04,23.05,46.4,87,51,4.7,light rain
464,Camacari,BR,-12.7,-38.32,78.8,88,75,17.22,broken clouds
465,Basoko,CD,1.24,23.62,69.84,86,26,0.22,scattered clouds
466,Nantucket,US,41.28,-70.1,64.99,87,1,20.8,clear sky
467,Lebowakgomo,ZA,-24.2,29.5,55.4,93,75,9.17,broken clouds
468,Talara,PE,-4.58,-81.27,65.03,85,1,10.11,clear sky
469,Goma,CD,-1.68,29.22,62.94,77,100,2.95,light rain
470,Oeiras,BR,-7.03,-42.13,80.55,49,0,2.89,clear sky
471,Jati,PK,24.35,68.27,84.38,58,23,10.65,few clouds
472,Port Blair,IN,11.67,92.75,82.02,80,100,16.82,moderate rain
473,Inirida,CO,3.87,-67.92,75.7,85,38,1.97,scattered clouds
474,Correntina,BR,-13.34,-44.64,72.41,75,76,7.78,broken clouds
475,Kaduqli,SD,11.02,29.72,75.49,78,100,3.87,overcast clouds
476,Azangaro,PE,-14.92,-70.22,46.89,59,63,1.97,light rain
477,Tukrah,LY,32.53,20.58,66.63,66,0,1.07,clear sky
478,Snezhnogorsk,RU,69.19,33.25,46.4,93,75,4.47,broken clouds
479,Butembo,CD,0.15,29.28,55.87,96,77,2.51,broken clouds
480,Puerto Ayora,EC,-0.74,-90.35,69.01,89,86,3.0,overcast clouds
481,Freetown,SL,8.48,-13.23,77.9,86,100,7.14,light rain
482,Tutoia,BR,-2.76,-42.27,78.42,80,30,11.65,scattered clouds
483,Ceres,US,37.59,-120.96,71.6,64,1,11.41,clear sky
484,Kalmunai,LK,7.42,81.82,85.14,59,42,4.59,scattered clouds
485,Kananga,CD,-5.9,22.42,65.43,90,33,0.92,scattered clouds
486,Jadu,LY,31.95,12.03,63.79,71,29,8.3,scattered clouds
487,Agadez,NE,19.75,10.25,76.32,19,0,7.85,clear sky
488,Huarmey,PE,-10.07,-78.15,63.55,81,0,7.11,clear sky
489,Puerto Madryn,AR,-42.77,-65.04,48.81,67,11,7.36,few clouds
490,Gamboma,CG,-1.88,15.86,71.29,93,100,3.31,overcast clouds
491,Estelle,US,29.85,-90.11,75.99,94,1,8.05,clear sky
492,Campbeltown,GB,55.43,-5.61,50.0,87,0,10.29,clear sky
493,Ladario,BR,-19.0,-57.6,82.42,38,1,0.11,clear sky
494,Mantua,IT,45.17,10.78,55.99,86,100,1.01,heavy intensity rain
495,Uribia,CO,11.71,-72.27,82.26,71,41,9.4,scattered clouds
496,Aasiaat,GL,68.71,-52.87,38.95,74,100,17.56,overcast clouds
497,Petrove,UA,48.32,33.26,55.4,71,90,11.18,overcast clouds
498,Beni Suef,EG,29.07,31.1,69.44,84,0,9.66,clear sky
499,Mezen,RU,65.85,44.24,47.52,83,97,11.97,overcast clouds
500,Giulianova,IT,42.76,13.95,55.0,41,86,3.0,overcast clouds
501,Brandon,US,27.94,-82.29,81.0,83,1,4.7,clear sky
502,Berbera,SO,10.44,45.01,81.91,70,1,6.26,clear sky
503,Bougouni,ML,11.42,-7.48,74.48,78,51,2.15,broken clouds
504,Batsfjord,NO,70.63,29.72,46.71,90,97,12.68,overcast clouds
505,Mashhad,IR,36.3,59.61,35.6,69,0,0.43,clear sky
506,Birao,CF,10.28,22.79,73.38,84,0,3.22,clear sky
507,Grand Gaube,MU,-20.01,57.66,73.99,87,1,3.0,clear sky
508,Lajas,PR,18.05,-67.06,81.0,95,49,1.99,scattered clouds
509,Maua,BR,-23.67,-46.46,57.2,82,20,9.17,few clouds
510,Takoradi,GH,4.88,-1.76,75.69,91,80,9.64,light rain
511,Anloga,GH,5.79,0.9,77.0,94,20,2.24,few clouds
512,Sudbury,CA,46.49,-80.99,39.0,74,20,14.99,few clouds
513,Nandyal,IN,15.48,78.48,73.45,94,100,11.16,moderate rain
514,Mishkino,RU,55.34,63.92,46.67,66,100,12.46,overcast clouds
515,Mandali,IQ,33.75,45.55,73.6,22,0,12.03,clear sky
516,Conakry,GN,9.54,-13.68,79.57,84,99,10.89,light rain
517,Varhaug,NO,58.61,5.65,41.0,99,0,1.01,clear sky
518,Antalaha,MG,-14.9,50.28,74.21,90,33,6.17,scattered clouds
519,Chaykovskiy,RU,56.77,54.11,46.0,72,100,1.01,overcast clouds
520,Melnikovo,RU,56.56,84.08,35.01,93,94,3.13,overcast clouds
521,Gusau,NG,12.16,6.66,75.34,80,76,6.51,broken clouds
522,Quelimane,MZ,-17.88,36.89,73.38,95,75,4.09,broken clouds
523,Baghdad,IQ,33.34,44.4,60.8,41,0,6.93,clear sky
524,Tabuk,PH,17.42,121.44,78.26,85,100,0.74,moderate rain
525,Puerto Wilches,CO,7.35,-73.9,77.58,87,100,2.17,overcast clouds
526,Bengkulu,ID,-3.8,102.27,74.28,94,100,10.45,heavy intensity rain
527,Beloha,MG,-25.17,45.05,65.05,75,0,3.85,clear sky
528,Purranque,CL,-40.92,-73.17,48.2,87,3,4.7,clear sky
529,Pisco,PE,-13.7,-76.22,62.6,82,0,13.87,clear sky
530,Vera Cruz,BR,-12.63,-41.03,78.69,54,47,4.59,scattered clouds
531,Key West,US,24.56,-81.78,84.2,100,1,4.7,clear sky
532,Porto Santo,PT,33.07,-16.34,71.6,64,40,11.41,scattered clouds
533,Poopo,BO,-18.37,-66.97,50.58,56,100,10.65,overcast clouds
534,Karasburg,NA,-28.02,18.75,44.24,60,0,10.96,clear sky
535,Boden,SE,65.83,21.69,44.6,100,90,2.24,overcast clouds
536,Kulhudhuffushi,MV,6.62,73.07,83.19,76,100,16.6,light rain
537,Pervomayskoye,RU,43.92,46.71,61.2,65,13,25.7,few clouds
538,Ibra,OM,22.69,58.53,79.88,26,0,4.97,clear sky
539,Tarata,BO,-17.62,-66.02,62.6,63,75,6.93,broken clouds
540,Nagapattinam,IN,10.77,79.83,79.41,80,100,9.04,heavy intensity rain
541,Skagen,DK,57.72,10.58,52.0,80,46,11.99,scattered clouds
542,Romitan,UZ,39.93,64.38,42.8,81,0,6.93,clear sky
543,Emba,KZ,48.83,58.14,40.96,58,0,4.25,clear sky
544,Mezdra,BG,43.15,23.7,46.4,93,40,2.24,light rain
545,Mitsamiouli,KM,-11.38,43.28,79.3,76,72,7.87,broken clouds
546,Mamlyutka,KZ,54.94,68.54,46.4,75,40,6.71,scattered clouds
547,Aljezur,PT,37.32,-8.8,57.0,95,0,1.99,clear sky
548,Ugoofaaru,MV,5.67,73.0,83.14,77,97,17.09,heavy intensity rain
549,Saint-Leu,RE,-21.15,55.28,71.6,73,0,2.24,clear sky
550,Susehri,TR,40.16,38.09,56.41,38,80,2.15,broken clouds
551,Waddan,LY,29.16,16.14,64.94,68,52,9.91,broken clouds
552,Kasulu,TZ,-4.58,30.1,64.49,81,85,2.89,overcast clouds
553,Khandbari,NP,27.37,87.2,78.67,55,0,1.81,clear sky
554,Mandera,KE,3.94,41.87,78.24,73,100,11.18,overcast clouds
555,Rabo De Peixe,PT,37.8,-25.58,68.0,88,75,8.05,broken clouds
556,Amarante Do Maranhao,BR,-5.57,-46.74,74.93,83,65,3.65,heavy intensity rain
557,Corner Brook,CA,48.97,-57.95,55.4,81,90,17.22,overcast clouds
558,Aktau,KZ,43.65,51.2,41.0,44,0,11.18,clear sky
559,Mindelo,CV,16.89,-24.98,78.8,74,20,26.4,few clouds
560,Kapoeta,SS,4.77,33.59,70.54,79,87,4.34,overcast clouds
561,Bara,NG,10.37,10.73,74.43,89,52,5.68,broken clouds
562,Roshchino,RU,60.25,29.61,45.0,87,100,7.45,overcast clouds
563,Romos,RO,45.83,23.28,55.4,87,90,1.12,light rain
564,Port-Gentil,GA,-0.72,8.78,77.16,86,100,11.18,overcast clouds
565,Kharan,PK,28.58,65.42,61.41,33,0,5.68,clear sky
566,Hudiksvall,SE,61.73,17.1,47.44,94,90,4.41,heavy intensity rain
567,Mao,ES,39.89,4.27,59.0,82,98,16.11,overcast clouds
568,Valdemarpils,LV,57.37,22.59,50.0,100,40,3.36,scattered clouds
569,Chirongui,YT,-12.93,45.15,78.8,83,4,3.36,clear sky
570,Sisimiut,GL,66.94,-53.67,38.79,75,100,14.81,overcast clouds
571,Henderson,US,36.04,-114.98,82.99,16,1,4.7,clear sky
572,Puerto Narino,CO,-3.77,-70.38,77.0,100,27,2.24,light rain
573,Yuksekova,TR,37.57,44.29,41.0,61,8,6.93,clear sky
574,Nyzy,UA,50.78,34.78,51.37,70,96,8.95,overcast clouds
575,Kishi,NG,9.08,3.85,70.11,97,98,5.03,overcast clouds
576,Atar,MR,20.52,-13.05,85.98,15,0,7.54,clear sky
577,Guanica,PR,17.97,-66.91,78.01,92,36,5.75,scattered clouds
578,Awbari,LY,26.59,12.78,75.07,35,69,8.21,broken clouds
579,Denizli,TR,37.84,29.07,46.4,81,0,1.25,clear sky
580,Mzimba,MW,-11.9,33.6,69.64,60,0,10.07,clear sky
581,Vawkavysk,BY,53.16,24.45,51.04,91,100,2.28,overcast clouds
582,Parana,AR,-31.73,-60.52,70.0,43,1,8.01,clear sky
583,Khalkhal,IR,37.62,48.53,38.66,77,0,0.76,clear sky
584,Samoded,RU,63.61,40.51,43.99,95,28,6.69,scattered clouds
585,Bagaces,CR,10.53,-85.25,78.8,94,75,3.36,broken clouds
586,Austintown,US,41.1,-80.76,66.2,82,90,9.17,overcast clouds
587,Madison Heights,US,42.49,-83.11,59.0,67,90,12.75,overcast clouds
588,Jalingo,NG,8.88,11.37,73.6,94,90,3.67,overcast clouds
589,Tabora,TZ,-5.02,32.8,72.21,51,59,1.97,broken clouds
590,Celano,IT,42.09,13.54,57.99,85,28,1.99,scattered clouds
591,Linhares,BR,-19.39,-40.07,69.71,90,100,7.65,moderate rain
592,Dutlwe,BW,-23.98,23.9,62.98,29,19,7.25,few clouds
593,Jacareacanga,BR,-6.22,-57.75,76.84,71,0,3.85,clear sky
594,Geraldton,AU,-28.77,114.6,69.8,64,75,16.11,broken clouds
595,Skjervoy,NO,70.03,20.97,46.87,79,100,15.59,overcast clouds
596,Stornoway,GB,58.21,-6.39,46.4,93,2,9.17,clear sky
597,Upington,ZA,-28.45,21.26,53.6,52,0,10.29,clear sky
598,Guaira,BR,-20.32,-48.31,76.3,47,20,6.35,few clouds
599,Colon,PA,9.36,-79.9,80.6,88,9,3.36,clear sky
600,Tessalit,ML,20.2,1.01,86.22,18,98,9.6,overcast clouds
601,Pabrade,LT,55.0,25.78,53.01,100,100,4.7,mist
602,Altamira,BR,-3.2,-52.21,78.51,64,0,3.38,clear sky
603,Santa Cruz,BO,-17.8,-63.17,80.6,69,0,6.93,clear sky
604,Azogues,EC,-2.73,-78.83,55.4,71,46,4.7,scattered clouds
605,Bayan,CN,46.08,127.4,51.01,69,100,14.0,moderate rain
606,Sirjan,IR,29.45,55.68,48.24,41,0,4.83,clear sky
607,Toul,FR,48.67,5.92,42.8,93,35,6.93,scattered clouds
608,Bicaz Chei,RO,46.82,25.88,54.0,56,24,2.51,few clouds
609,Altay,CN,47.87,88.12,33.51,76,11,2.17,few clouds
610,Edd,ER,13.93,41.69,82.02,69,0,4.0,clear sky
611,Constitucion,CL,-35.33,-72.42,52.77,71,0,11.34,clear sky
612,Curuguaty,PY,-24.47,-55.69,67.28,41,14,3.89,few clouds
613,Channel-Port Aux Basques,CA,47.57,-59.14,54.68,88,100,21.79,overcast clouds
614,Maridi,SS,4.92,29.47,65.1,93,76,2.46,broken clouds
615,Havoysund,NO,71.0,24.66,44.6,100,100,19.46,light rain
616,Chernushka,RU,56.51,56.08,44.19,70,100,8.61,overcast clouds
617,Albany,US,42.6,-73.97,66.99,69,77,4.23,light rain
618,Mangrol,IN,21.12,70.12,81.7,75,99,10.38,overcast clouds
619,Krasnyy Yar,RU,46.53,48.35,48.2,61,0,13.42,clear sky
620,Migori,KE,-1.06,34.47,61.75,88,49,4.0,scattered clouds
621,Grand-Santi,GF,4.25,-54.38,73.08,94,6,3.76,clear sky
622,Port-Cartier,CA,50.03,-66.87,37.0,100,90,3.36,mist
623,Gouyave,GD,12.16,-61.73,80.6,83,20,6.55,few clouds
624,Luzino,RU,54.95,73.04,41.0,100,40,2.24,fog
625,Panama City,PA,8.99,-79.52,80.6,88,0,3.36,clear sky
626,Koscierzyna,PL,54.12,17.98,43.0,87,61,6.93,broken clouds
627,Brits,ZA,-25.63,27.78,59.0,71,66,5.82,broken clouds
628,Vinhedo,BR,-23.03,-46.98,60.8,59,8,16.11,clear sky
629,Cotacachi,EC,0.3,-78.27,57.2,50,20,5.82,few clouds
630,Rafsanjan,IR,30.41,55.99,46.9,38,0,2.98,clear sky
631,Ladybrand,ZA,-29.19,27.46,37.58,80,0,1.3,clear sky
632,Guntakal,IN,15.17,77.38,71.51,95,100,12.24,light rain
633,Novoorsk,RU,51.38,58.98,35.6,43,61,8.95,broken clouds
634,Hearst,CA,49.68,-83.67,31.78,96,97,2.17,overcast clouds
635,Lasa,IT,46.62,10.7,48.99,100,100,5.68,light rain
636,Lixourion,GR,38.2,20.43,65.14,63,0,2.13,clear sky
637,Arrecife,ES,28.96,-13.55,71.6,78,20,10.29,few clouds
638,Sebeta,ET,8.92,38.62,49.98,68,1,2.82,clear sky
639,Bom Jesus,BR,-9.07,-44.36,71.89,87,100,3.33,light rain
640,Oil City,US,41.43,-79.71,64.99,88,90,9.17,overcast clouds
641,Tucupita,VE,9.06,-62.05,74.01,96,82,2.62,broken clouds
642,Ormara,PK,25.21,64.64,80.56,30,0,14.45,clear sky
643,Richards Bay,ZA,-28.78,32.04,62.67,74,99,15.21,light rain
644,Dano,BF,11.15,-3.07,74.37,86,37,4.18,light rain
645,Cacador,BR,-26.78,-51.02,50.29,87,0,3.09,clear sky
646,Gambela,ET,8.25,34.58,68.56,92,100,3.15,overcast clouds
647,Hoorn,NL,52.64,5.06,48.99,78,40,10.56,scattered clouds
648,Pitea,SE,65.32,21.48,44.6,100,100,2.24,overcast clouds
649,Tyumen,RU,57.15,65.53,44.6,81,86,6.71,overcast clouds
650,Karwar,IN,14.8,74.13,78.64,82,100,0.02,light rain
651,Rio Grande,BR,-32.03,-52.1,46.99,92,0,6.33,light rain
652,Maturin,VE,9.75,-63.18,73.62,95,53,3.94,broken clouds
653,Solhan,TR,38.96,41.03,48.79,46,31,3.69,scattered clouds
654,Atlantic City,US,39.36,-74.42,66.99,88,1,11.41,clear sky
655,Aras,ES,42.56,-2.36,51.8,71,40,6.93,scattered clouds
656,Mazamari,PE,-11.33,-74.53,76.26,60,90,2.33,overcast clouds
657,Novyy Urengoy,RU,66.08,76.63,30.79,94,100,15.19,overcast clouds
658,Oxelosund,SE,58.67,17.1,39.2,100,0,3.36,clear sky
659,Dwarka,IN,22.24,68.97,83.57,76,99,13.33,overcast clouds
660,Luangwa,ZM,-15.62,30.42,80.56,44,75,3.47,broken clouds
661,Dhidhdhoo,MV,6.88,73.1,83.07,75,100,16.31,light rain
662,Shuya,RU,56.85,41.39,44.28,84,44,6.31,scattered clouds
663,Savannah Bight,HN,16.45,-85.85,84.45,79,5,22.93,clear sky
664,Puerto Varas,CL,-41.32,-72.99,44.6,100,75,2.24,broken clouds
665,Kolondieba,ML,11.09,-6.89,74.05,79,28,2.62,scattered clouds
666,Harer,ET,9.31,42.13,58.53,53,61,0.89,broken clouds
667,Banda Aceh,ID,5.56,95.32,83.26,68,100,12.37,overcast clouds
668,Phagwara,IN,31.22,75.77,78.82,32,0,2.37,clear sky
669,Eichenzell,DE,50.49,9.7,41.0,90,85,1.01,overcast clouds
670,Nisia Floresta,BR,-6.09,-35.21,77.0,88,40,6.93,scattered clouds
671,Sao Gabriel Da Cachoeira,BR,-0.13,-67.09,75.81,76,96,0.65,overcast clouds
672,Manta,EC,-0.95,-80.73,73.4,83,75,10.29,broken clouds
673,Jatibonico,CU,21.94,-79.17,76.66,86,68,1.9,broken clouds
674,Bergen,NO,60.39,5.33,42.8,87,0,12.75,clear sky
675,Clonmel,IE,52.35,-7.7,48.99,87,42,4.0,scattered clouds
676,Fria,GN,10.42,-13.58,71.24,100,100,0.65,overcast clouds
677,Las Matas De Farfan,DO,18.87,-71.52,73.6,85,37,0.56,scattered clouds
678,Saint-Quentin,FR,49.83,3.33,48.0,100,67,5.82,broken clouds
679,Stanghelle,NO,60.55,5.74,42.01,95,0,3.13,clear sky
680,Koslan,RU,63.46,48.9,46.47,88,100,8.3,overcast clouds
681,Pastavy,BY,55.12,26.83,52.72,96,100,3.83,overcast clouds
682,Barrancabermeja,CO,7.07,-73.85,78.4,83,100,1.34,overcast clouds
683,Columbus,US,39.96,-83.0,64.99,93,90,6.69,overcast clouds
684,Aksarka,RU,66.56,67.8,37.98,96,94,8.55,overcast clouds
685,Wildeshausen,DE,52.9,8.43,43.0,100,75,3.36,broken clouds
686,Bell Ville,AR,-32.63,-62.69,64.0,26,6,4.0,clear sky
687,Kamina,CD,-8.74,24.99,64.06,95,56,4.68,broken clouds
688,Axim,GH,4.87,-2.24,75.56,91,53,9.35,broken clouds
689,Chicama,PE,-7.84,-79.15,65.44,77,0,7.02,clear sky
690,Mokrousovo,RU,55.81,66.77,45.73,83,99,9.93,overcast clouds
691,Shu,KZ,43.6,73.76,44.89,53,0,2.48,clear sky
692,Shahrud,IR,36.42,54.98,45.61,48,0,2.59,clear sky
693,Aranda De Duero,ES,41.67,-3.69,44.62,71,0,11.59,clear sky
694,Hammerfest,NO,70.66,23.68,44.6,100,100,19.46,drizzle
695,Antofagasta,CL,-23.65,-70.4,59.0,72,90,5.82,overcast clouds
696,Ercis,TR,39.03,43.36,41.0,60,100,5.82,overcast clouds
697,Pointe Michel,DM,15.25,-61.38,80.94,80,8,11.63,clear sky
